example_id,question,reference_answer,reference_program,operation,alternative_operations,reference_operation,reference_operations,intent_reference_operation_match,reference_operand_count,reference_operands_in_ledger,reference_operands_in_ledger_rate,reference_operands_retrieved,reference_operands_retrieved_rate,ledger_items,retrieved_items,direct_candidates,derived_candidates,candidate_recall,candidate_recall_preselector,candidate_recall_unpruned_same_retrieval,expanded_ledger_candidate_recall_diagnostic,failure_stage
V/2008/page_17.pdf-1,what is the average payment volume per transaction for american express?,127.40,"divide(637, const_5)",ratio,average|table_average,divide,divide,True,1,1,1.0,1,1.0,40,35,26,192,False,False,True,True,bounded_pruning
C/2017/page_328.pdf-1,what was the percentage cumulative total return for the five year period ended 31-dec-2017 of citi common stock?,93.5%,"subtract(193.5, const_100), divide(#0, const_100)",indexed_return,sum|table_sum|margin|ratio|difference,subtract,subtract|divide,True,1,1,1.0,1,1.0,41,41,21,192,True,True,True,True,success
DVN/2007/page_58.pdf-2,what percentage of the total oil and gas mmboe comes from canada?,24.69%,"divide(60, 243), multiply(#0, const_100)",margin,sum|table_sum|ratio,divide,divide|multiply,True,2,2,1.0,2,1.0,54,48,20,192,True,True,True,True,success
ETR/2011/page_341.pdf-3,in 2010 what was the net change in net revenue in millions,18.6,"add(18.9, 0.3)",difference,,add,add,False,2,1,0.5,1,0.5,27,27,4,192,True,True,True,True,success
ETR/2004/page_213.pdf-2,what are the deferred fuel cost revisions as a percentage of the increase in fuel cost recovery revenues?,60.3%,"divide(59.1, 98.0)",margin,difference|percentage_change|ratio,divide,divide,True,2,2,1.0,2,1.0,40,40,14,192,True,True,True,True,success
PM/2017/page_38.pdf-1,what was the change in millions of operating income from 2016 to 2017?,688,"subtract(11503, 10815)",difference,,subtract,subtract,True,2,2,1.0,2,1.0,72,48,34,192,True,True,True,True,success
JPM/2008/page_85.pdf-3,what was jpmorgan chase & co's common equity tier 1 ( cet1 ) ratio in 2008?,10.94%,"divide(136104, 1244659)",ratio,,divide,divide,True,2,2,1.0,2,1.0,32,30,22,192,False,False,False,False,candidate_generation
PNC/2013/page_207.pdf-1,"at the end of 2014 , the notional value of derivatives designated as hedging instruments under gaap was what percent of the fair value?",3044%,"divide(36197, 1189)",margin,ratio,divide,divide,True,2,2,1.0,2,1.0,24,23,23,192,False,False,False,True,retrieval_or_bounded_context
CME/2017/page_97.pdf-5,"what was the increase in class a common stock issued and outstanding between years , in thousands?",995,"subtract(339235, 338240)",difference,,subtract,subtract,True,2,2,1.0,2,1.0,32,31,15,131,True,True,True,True,success
PNC/2013/page_62.pdf-2,in millions what was total residential mortgages balance for 2013 and 2012?,3576,"add(1356, 2220)",sum,table_sum,add,add,True,2,2,1.0,2,1.0,86,48,32,85,True,True,True,True,success
AAPL/2004/page_36.pdf-2,what was the gross margin decline in fiscal 2004 from 2003?,.2,"subtract(27.5, 27.3)",margin,ratio,subtract,subtract,False,2,2,1.0,2,1.0,63,48,28,192,False,False,False,False,operation_schema
PKG/2009/page_65.pdf-4,what percentage of total purchase commitments are due after 2014?,56%,"divide(25048, 44572)",margin,sum|table_sum|ratio,divide,divide,True,2,2,1.0,2,1.0,33,24,9,192,True,True,True,True,success
LMT/2013/page_74.pdf-4,"what was the change in the weighted average common shares outstanding for diluted computations from 2012 to 2013 , in millions?",-1.9,"subtract(326.5, 328.4)",average,table_average|difference,subtract,subtract,True,2,2,1.0,2,1.0,54,48,28,191,True,True,True,True,success
STT/2011/page_83.pdf-1,"in 2011 what was the amount of tax related to the unrealized losses reclassifications totaled $ 303 million , or $ 189 million after-tax,",114,"subtract(303, 189)",direct_lookup,,subtract,subtract,False,2,2,1.0,2,1.0,40,40,23,0,False,False,False,False,operation_schema
MRO/2007/page_149.pdf-2,"if current development costs increased in 2008 as much as in 2007 , what would the 2008 total be , in millions?",2057,"subtract(1654, 1251), add(#0, 1654)",direct_lookup,sum|table_sum|average|difference,subtract,subtract|add,True,2,2,1.0,2,1.0,50,48,36,192,False,False,False,False,candidate_generation
AOS/2004/page_11.pdf-2,what percentage of total aggregate contractual obligations is due to purchase obligationst?,34%,"divide(177.3, 521.3)",margin,sum|table_sum|ratio,divide,divide,True,2,2,1.0,2,1.0,107,48,28,192,True,True,True,True,success
C/2010/page_223.pdf-3,in 2010 what was the percentage change of the carrying amount of loan receivable net of the allowance,-52.5%,"subtract(920, 95), subtract(469, 77), subtract(#1, #0), divide(#2, #0)",percentage_change,difference|margin|ratio,subtract,subtract|divide,True,4,4,1.0,4,1.0,40,40,27,192,False,False,False,False,candidate_generation
MSI/2006/page_61.pdf-3,what was the percent of the total long-term debt obligations that was due after 2011,35.1%,"divide(1451, 4134)",margin,sum|table_sum|ratio,divide,divide,True,2,2,1.0,2,1.0,82,48,35,192,True,True,True,True,success
ABMD/2006/page_75.pdf-1,what is the decline from current future minimum lease payments and the following years expected obligation?\\n,25%,"subtract(1703, 1371), divide(#0, 1703)",table_min,,subtract,subtract|divide,False,2,2,1.0,2,1.0,37,24,12,5,False,False,False,False,operation_schema
AMAT/2013/page_18.pdf-2,"what is the applied 2019s net sales in 2018 , ( in billions ) ?",7.22,"divide(18, const_100), divide(1.3, #0)",direct_lookup,,divide,divide,False,2,2,1.0,2,1.0,45,41,33,0,False,False,False,False,operation_schema
DVN/2014/page_85.pdf-1,"what is the average amortization amount , in millions , from 2015-2019?",44.8,"multiply(45, const_4), add(#0, 44), divide(#1, const_5)",average,table_average,multiply,multiply|add|divide,True,2,2,1.0,2,1.0,30,28,7,85,True,True,True,True,success
SPGI/2018/page_74.pdf-1,what was the ratio of the pension trust assets for 2017 to 2018,1.16,"divide(480, 415)",ratio,,divide,divide,True,2,2,1.0,2,1.0,75,48,24,192,True,True,True,True,success
ZBH/2003/page_58.pdf-3,what percent of inventory is ready for liquidation ( sale ) in 2003?,72.83%,"divide(384.3, 527.7)",margin,ratio,divide,divide,True,2,2,1.0,2,1.0,82,48,18,192,True,True,True,True,success
AMT/2005/page_105.pdf-2,what is the total value of net operating loss carryforwards?,4575515,"add(2157503, 2418012)",sum,table_sum,add,add,True,2,2,1.0,2,1.0,44,40,28,122,True,True,True,True,success
ETR/2015/page_131.pdf-1,what is the percent change in annual long-term debt maturities from 2016 to 2017?,276%,"subtract(766451, 204079), divide(#0, 204079)",percentage_change,difference|margin|ratio,subtract,subtract|divide,True,2,2,1.0,2,1.0,44,35,19,192,True,True,True,True,success
PNC/2009/page_46.pdf-2,share of total securities rated bbb/baa or below changed by how many percentage point between 2008 and 2009?,-1,"subtract(2, 3)",percentage_change,sum|table_sum|margin|ratio,subtract,subtract,True,2,2,1.0,2,1.0,20,17,0,192,False,False,False,False,candidate_generation
PM/2017/page_38.pdf-3,what is the percentage increase in interest expense?,2.6%,"subtract(914, 23), divide(23, #0)",percentage_change,difference|margin|ratio,subtract,subtract|divide,True,2,2,1.0,2,1.0,72,48,34,192,False,False,False,False,candidate_generation
HOLX/2015/page_98.pdf-2,what is the expected growth rate in amortization expense from 2016 to 2017?,-3.0%,"subtract(365.6, 377.0), divide(#0, 377.0)",percentage_change,,subtract,subtract|divide,True,2,1,0.5,1,0.5,34,28,18,192,False,False,False,False,extraction_or_program_constant
ETR/2017/page_114.pdf-2,what are the payments for entergy arkansas as a percentage of payments for entergy louisiana?,33.3%,"divide(2, 6)",margin,ratio,divide,divide,True,2,2,1.0,2,1.0,51,48,6,106,True,True,True,True,success
UNP/2008/page_77.pdf-1,"as of december 31 , 2008 what was the percent of the total accounts payable and other liabilities that was accrued wages and vacation",14.3%,"divide(367, 2560)",margin,sum|table_sum|ratio,divide,divide,True,2,2,1.0,2,1.0,34,34,22,192,True,True,True,True,success
AES/2016/page_191.pdf-3,"for the period ending in 2016 , what was the average amount of settlements , in millions?",11.3,"table_average(settlements, none)",average,table_average,table_average,table_average,True,0,0,,0,,72,48,23,176,False,False,False,True,retrieval_or_bounded_context
ETFC/2007/page_126.pdf-3,what percentage of total future principal payments of corporate debt are due after 2012?,87%,"divide(2996337, 3450152)",margin,sum|table_sum|ratio,divide,divide,True,2,2,1.0,2,1.0,27,23,15,192,True,True,True,True,success
MAS/2012/page_70.pdf-1,what was the percentage change in total net goodwill between 2010 and 2011?,-21%,"subtract(1891, 2383), divide(#0, 2383)",percentage_change,sum|table_sum|difference|margin|ratio,subtract,subtract|divide,True,2,2,1.0,2,1.0,78,48,32,192,False,False,False,True,retrieval_or_bounded_context
AON/2010/page_28.pdf-1,"from the data given , how many square feet have an expiry date in 2020?",778000,"add(414000, 364000)",direct_lookup,,add,add,False,2,2,1.0,2,1.0,34,31,24,0,False,False,False,False,operation_schema
AES/2002/page_46.pdf-4,what was the difference in dollars of the high low sale price for the common stock in the fourth quarter of 2002?,2.62,"subtract(3.57, 0.95)",difference,,subtract,subtract,True,2,2,1.0,2,1.0,29,23,21,192,True,True,True,True,success
CB/2010/page_200.pdf-4,in 2010 what was the ratio of the statutory capital and surplus to the statutory net income,4.9\\n,"divide(11798, 2430)",ratio,,divide,divide,True,2,2,1.0,2,1.0,51,48,27,192,False,False,False,False,candidate_generation
PM/2015/page_85.pdf-1,what is the percentage change in total debt from 2014 to 2015?,3.4%,"subtract(28.5, 29.5), divide(#0, 29.5)",percentage_change,sum|table_sum|difference|margin|ratio,subtract,subtract|divide,True,2,2,1.0,2,1.0,142,48,14,192,False,False,False,False,candidate_generation
ETFC/2014/page_26.pdf-2,what was the total return percentage for e*trade financial corporation for the five years ended 12/14?,37.81%,"subtract(137.81, const_100), divide(#0, const_100)",sum,table_sum|margin|ratio,subtract,subtract|divide,True,1,1,1.0,1,1.0,23,23,12,192,False,False,True,True,bounded_pruning
ZBH/2003/page_40.pdf-1,what was the difference in operating profit for the americas as a percentage of net sales between 2001 and 2003?,3.8%,"subtract(51.2, 47.4)",margin,difference|percentage_change|ratio,subtract,subtract,True,2,2,1.0,2,1.0,77,48,22,192,True,True,True,True,success
AAPL/2014/page_38.pdf-3,what was the change in amount of long term debt between 2014 and 2012?,28987,"subtract(28987, 0)",difference,,subtract,subtract,True,2,2,1.0,2,1.0,68,48,43,114,True,True,True,True,success
ETR/2003/page_84.pdf-2,"what amount of long-term debt due in the next 36 months as of december 31 , 2003 , in millions?",1041.5,"add(503215, 462420), add(#0, 75896), divide(#1, const_1000)",direct_lookup,,add,add|divide,False,3,3,1.0,3,1.0,52,37,19,0,False,False,False,False,operation_schema
LMT/2012/page_47.pdf-3,what is the growth rate in operating profit for space systems in 2011?,3.2%,"subtract(1063, 1030), divide(#0, 1030)",percentage_change,,subtract,subtract|divide,True,2,2,1.0,2,1.0,62,48,23,191,True,True,True,False,success
MAS/2018/page_35.pdf-3,what was the percentage growth in the operating profit as reported from 2017 to 2018,1.4%,"subtract(1211, 1194), divide(#0, 1194)",percentage_change,margin|ratio,subtract,subtract|divide,True,2,2,1.0,2,1.0,50,46,29,192,True,True,True,True,success
SYY/2019/page_9.pdf-2,what was the change in the percentage of sales to restaurants from 2018 to 2019?,0%,"subtract(62%, 62%)",percentage_change,difference|margin|ratio,subtract,subtract,True,1,1,1.0,1,1.0,31,31,9,106,True,True,True,True,success
ETR/2002/page_86.pdf-3,what are the annual other sinking fund requirements as a percentage of annual long-term debt maturities ( excluding lease obligations ) and annual cash sinking fund requirements for debt outstanding in 2007?,6.35%,"multiply(30.2, const_1000), divide(#0, 475288)",margin,ratio,multiply,multiply|divide,True,2,2,1.0,2,1.0,49,38,19,192,True,True,True,True,success
ZBH/2003/page_58.pdf-1,what percent increase did inventories receive between 2002 and 2003?,104.85%,"divide(527.7, 257.6), subtract(#0, const_1)",percentage_change,difference|margin|ratio,divide,divide|subtract,True,2,2,1.0,2,1.0,82,48,20,192,True,True,True,True,success
AMT/2010/page_34.pdf-2,on february 112011 what was the market capitalization,22556579533.3,"multiply(397612895, 56.73)",product,,multiply,multiply,True,2,2,1.0,2,1.0,36,36,26,80,False,False,False,True,retrieval_or_bounded_context
PM/2014/page_67.pdf-2,"what was the total of euro notes issued in 2014 , in millions of dollars approximately?",3098,"add(1029, 1372), add(#0, 697)",sum,table_sum,add,add,True,3,3,1.0,3,1.0,145,48,23,18,False,False,False,True,retrieval_or_bounded_context
ETR/2002/page_24.pdf-1,what was the percent of the increase in non-utility nuclear earnings in 2002,57%,"subtract(201, 128), divide(#0, 128)",difference,percentage_change|margin|ratio,subtract,subtract|divide,True,2,2,1.0,2,1.0,61,48,22,192,True,True,True,True,success
PM/2015/page_127.pdf-4,what was the average currency translation adjustments from 2013 to 2015 in millions?,-6806,"table_average(currency translation adjustments, none)",average,table_average,table_average,table_average,True,0,0,,0,,56,48,32,186,True,True,True,True,success
RSG/2016/page_144.pdf-1,what was the ratio of the gallons hedged in 2017 to 2018,4,"divide(12000000, 3000000)",ratio,,divide,divide,True,2,2,1.0,2,1.0,32,22,15,192,True,True,True,True,success
SNPS/2006/page_69.pdf-2,what percentage of the total purchase price is represented by goodwill?,22%,"multiply(3.4, const_1000), divide(#0, 15704)",margin,sum|table_sum|ratio,multiply,multiply|divide,True,2,2,1.0,2,1.0,35,35,20,192,False,False,True,True,bounded_pruning
GIS/2019/page_37.pdf-3,what was the percentage change of our accrued trade liabilities in 2019 compared to 2018,-3.2%,"subtract(484, 500)",percentage_change,difference|margin|ratio,subtract,subtract,True,2,2,1.0,2,1.0,58,48,37,192,False,False,False,True,retrieval_or_bounded_context
JPM/2018/page_110.pdf-2,what was the net change in ending available for sale investment securities from 2017 to 2018?,28434,"subtract(228681, 200247)",difference,,subtract,subtract,True,2,2,1.0,2,1.0,99,48,19,192,True,True,True,True,success
STT/2008/page_83.pdf-2,what percent higher is the average var for foreign exchange products than that of interest rate products?,44%,"add(1.1, 1.4), divide(#0, const_2)",percentage_change,average|table_average|margin|ratio,add,add|divide,True,2,2,1.0,2,1.0,19,19,9,192,False,False,False,False,candidate_generation
AES/2016/page_185.pdf-4,what was the change in millions of total redeemable stock of subsidiaries from 2015 to 2016?,244,"subtract(782, 538)",sum,table_sum|difference,subtract,subtract,True,2,2,1.0,2,1.0,68,48,11,174,True,True,True,True,success
CDNS/2012/page_30.pdf-4,what is the roi of nasdaq composite from 2008 to 2009?,-41.0%,"subtract(59.03, const_100), divide(#0, const_1000)",percentage_change,,subtract,subtract|divide,True,1,1,1.0,1,1.0,50,47,29,192,True,True,True,True,success
AMAT/2014/page_35.pdf-1,what percentage of warehouse locations are in north america?,21.3%,"divide(16, 75)",margin,ratio,divide,divide,True,2,2,1.0,2,1.0,52,48,18,88,True,True,True,True,success
LMT/2006/page_90.pdf-3,"at december 31 , 2006 what was the ratio of the expected future pension benefits after 2012 compared to 2008",6.4,"divide(9530, 1490)",ratio,,divide,divide,True,2,2,1.0,2,1.0,70,48,31,192,True,True,True,True,success
MO/2012/page_44.pdf-2,what are the cost reduction initiatives as a percentage of the operating companies income increase?,166%,"divide(198, 119)",margin,difference|percentage_change|ratio,divide,divide,True,2,2,1.0,2,1.0,111,48,27,192,False,False,True,True,bounded_pruning
GS/2017/page_106.pdf-4,what was change in millions for the estimated sensitivity to a one basis point increase in credit spreads on derivatives ( including hedges ) between 2017 and 2016?,1,"subtract(3, 2)",difference,,subtract,subtract,True,2,2,1.0,2,1.0,48,43,26,192,True,True,True,True,success
EW/2016/page_79.pdf-4,what percentage of the total cash purchase price net of cash acquired was represented by ipr&d?,59%,"divide(190.0, 320.1)",margin,sum|table_sum|ratio,divide,divide,True,2,2,1.0,2,1.0,21,21,8,192,False,False,False,False,candidate_generation
SLB/2012/page_44.pdf-3,by how much did the average price per share increase from 2010 to 2011?,25.9%,"subtract(81.15, 64.48), divide(#0, 64.48)",average,table_average|difference,subtract,subtract|divide,True,2,2,1.0,2,1.0,121,48,27,191,False,False,False,False,candidate_generation
GIS/2012/page_64.pdf-2,what portion of the total notes payable comes from u.s . commercial paper?,78.3%,"divide(412.0, 526.5)",margin,sum|table_sum|ratio,divide,divide,True,2,2,1.0,2,1.0,53,48,31,192,True,True,True,True,success
PM/2017/page_99.pdf-1,what is the growth rate of the net earnings attributable to pmi?,-13.3%,"subtract(6035, 6967), divide(#0, 6967)",percentage_change,,subtract,subtract|divide,True,2,2,1.0,2,1.0,31,31,21,192,True,True,True,True,success
IP/2007/page_75.pdf-1,"what percentage of december 31 , 2007 , total future minimum commitments under existing non-cancelable operating leases and purchase obligations were due to purchase obligations for the year of 2008?",93%,"divide(1953, 2089)",table_min,sum|table_sum|margin|ratio,divide,divide,True,2,2,1.0,2,1.0,103,48,24,192,False,False,True,True,bounded_pruning
GS/2017/page_143.pdf-2,what is the percentage change in net comodities from 2016 to 2017?,-35.6%,"subtract(47, 73), divide(#0, 73)",percentage_change,difference|margin|ratio,subtract,subtract|divide,True,2,2,1.0,2,1.0,134,48,22,192,True,True,True,True,success
IPG/2009/page_85.pdf-2,what the percentage increase defined contribution plans for foreign countries and contribution from 2007 to 2008,7.5%,"subtract(28.7, 26.7), divide(#0, 26.7)",percentage_change,difference|margin|ratio,subtract,subtract|divide,True,2,2,1.0,2,1.0,90,48,30,192,False,False,True,True,bounded_pruning
ABMD/2009/page_88.pdf-1,what are the total contingent payments relating to impella?,5583331,"multiply(5583334, const_3)",sum,table_sum,multiply,multiply,False,1,1,1.0,1,1.0,53,40,17,128,True,True,True,True,success
IP/2006/page_32.pdf-1,in 2006 what percentage of consumer packaging sales were represented by foodservice net sales?,16%,"divide(396, 2455)",margin,ratio,divide,divide,True,2,2,1.0,2,1.0,79,48,19,192,False,False,False,False,candidate_generation
CDNS/2018/page_31.pdf-3,what is the rate of return of an investment in nasdaq from 2017 to 2018?,-3.6%,"subtract(165.84, 172.11), divide(#0, 172.11)",direct_lookup,sum|average|difference,subtract,subtract|divide,True,2,2,1.0,2,1.0,65,48,31,192,False,False,False,False,candidate_generation
L/2015/page_59.pdf-4,what is the percentage reduction in the loews common stock from 2013 to 2014,-12.4%,"subtract(110.59, 126.23), divide(#0, 126.23)",percentage_change,margin|ratio,subtract,subtract|divide,True,2,2,1.0,2,1.0,33,33,15,192,True,True,True,True,success
ILMN/2007/page_78.pdf-4,"based on the investment in solexa on november 12 , 2006 what was the price per share in the transaction in dollars",9.7,"divide(50, 5154639)",direct_lookup,,divide,divide,False,2,2,1.0,2,1.0,26,20,16,0,False,False,False,False,operation_schema
ADI/2011/page_81.pdf-1,what portion of the total investment is allocated to mutual funds in 2011?,65.1%,"divide(17187, 26410)",margin,sum|table_sum|ratio,divide,divide,True,2,2,1.0,2,1.0,36,35,15,192,False,False,True,True,bounded_pruning
MRO/2006/page_33.pdf-1,"based on a 365 day year and the average sales price per barrel listed above , what was the total refined product sales revenue for 2006?",$ 40444920\n,"multiply(1425, 77.76), multiply(#0, 365)",average,table_average|sum|table_sum,multiply,multiply,False,3,2,0.6666666666666666,2,0.6666666666666666,86,48,39,192,False,False,False,False,extraction_or_program_constant
AMT/2012/page_125.pdf-2,"for the mtn deal , what was the total post closing adjustments , in millions?",1.7,"subtract(173.2, 171.5)",sum,table_sum,subtract,subtract,False,2,2,1.0,2,1.0,36,32,15,176,False,False,False,False,operation_schema
ETR/2004/page_213.pdf-4,"what is the growth rate in net revenue in 2003 for entergy louisiana , inc.?",5.5%,"subtract(973.7, 922.9), divide(#0, 922.9)",percentage_change,,subtract,subtract|divide,True,2,2,1.0,2,1.0,40,36,20,192,True,True,True,True,success
IP/2007/page_31.pdf-1,what percentage of industrial packaging sales where represented by european industrial packaging net sales in 2007?,21%,"multiply(1.1, const_1000), divide(#0, 5245)",margin,ratio,multiply,multiply|divide,True,2,2,1.0,2,1.0,88,48,30,192,True,True,True,True,success
AMT/2005/page_54.pdf-2,"what portion of the adjusted consolidated cash flow for the twelve months ended december 31 , 2005 is related to tower cash flow?",105.0%,"divide(558360, 531822)",margin,ratio,divide,divide,True,2,2,1.0,2,1.0,46,45,17,133,True,True,True,True,success
FBHS/2017/page_23.pdf-2,what was the percentage growth in sales of cabinets from 2016 to 2017,2.9%,"subtract(2467.1, 2397.8), divide(#0, 2397.8)",percentage_change,margin|ratio,subtract,subtract|divide,True,2,2,1.0,2,1.0,36,36,21,192,True,True,True,True,success
MSI/2009/page_65.pdf-2,what was the ratio of the segment net sales in 2008 to 2009,1.69,"divide(12099, 7146)",ratio,,divide,divide,True,2,2,1.0,2,1.0,75,48,22,192,True,True,True,False,success
PM/2015/page_38.pdf-1,what is the percentage change in the weighted-average discount rate for u.s . pension plans from 2014 to 2015?,8.9%,"subtract(4.30, 3.95), divide(#0, 3.95)",percentage_change,average|table_average|difference|margin|ratio,subtract,subtract|divide,True,2,2,1.0,2,1.0,23,18,12,192,True,True,True,True,success
AON/2009/page_48.pdf-4,"considering the year 2009 , what is the percentage of the segment's operating income among the total operating income?",22.55%,"divide(203, 900)",direct_lookup,sum|table_sum|margin|ratio,divide,divide,True,2,2,1.0,2,1.0,42,40,24,192,False,False,False,False,candidate_generation
CDNS/2006/page_30.pdf-1,"what was the percentage cumulative 5-year total return to shareholders of cadence design systems , inc . 2019s common stock for the period ended december 30 , 2006?",-20.04%,"subtract(79.96, const_100), divide(#0, const_100)",sum,table_sum|margin|ratio,subtract,subtract|divide,True,1,1,1.0,1,1.0,62,48,30,192,False,False,True,True,bounded_pruning
ALXN/2007/page_104.pdf-2,what is the percent change in minimum annual rental payment between 2010 and 2011?,1.3%,"subtract(3200, 3160), divide(#0, 3160)",table_min,difference|percentage_change|margin|ratio,subtract,subtract|divide,True,2,2,1.0,2,1.0,33,26,10,192,False,False,False,False,candidate_generation
AES/2016/page_191.pdf-2,what was the percentage change in the unrecognized tax benefits from 2015 to 2016?,-1%,"subtract(369, 373), divide(#0, 373)",percentage_change,difference|margin|ratio,subtract,subtract|divide,True,2,2,1.0,2,1.0,72,48,22,192,True,True,True,True,success
CB/2010/page_200.pdf-3,what was the average potential anti-dilutive share conversions from 2008 to 2010,708716.6,"add(256868, 1230881), add(638401, #0), add(#1, const_3), divide(#2, const_2)",average,table_average,add,add|divide,True,3,3,1.0,3,1.0,51,48,23,192,False,False,False,True,retrieval_or_bounded_context
IP/2012/page_93.pdf-1,what was the change in rent expenses between 2011 and 2012?,26,"subtract(231, 205)",difference,,subtract,subtract,True,2,2,1.0,2,1.0,43,40,25,118,False,False,False,False,candidate_generation
GS/2017/page_143.pdf-1,what is the percentage change in credit net from 2016 to 2017?,-39.9%,"subtract(1505, 2504), divide(#0, 2504)",percentage_change,difference|margin|ratio,subtract,subtract|divide,True,2,2,1.0,2,1.0,134,48,31,192,True,True,True,True,success
HWM/2017/page_41.pdf-1,"considering the reverse stock split , what was the percentual reduction of the common stock outstanding shares?",69.24%,"divide(0.4, 1.3), subtract(const_1, #0)",percentage_change,margin|ratio,divide,divide|subtract,True,2,2,1.0,2,1.0,63,48,31,192,False,True,True,True,selector_ranking
RSG/2009/page_100.pdf-2,as of december 312019 what was the percentage of restricted cash that was proceeds from the issuance of tax-exempt bonds,39.3%,"divide(93.1, 236.6)",direct_lookup,margin|ratio,divide,divide,True,2,2,1.0,2,1.0,32,32,19,192,True,False,True,True,success
BLK/2013/page_124.pdf-2,what is the carrying value of notes due by 2017 ? in millions $ .,2448,"add(1000, 750), add(#0, 698)",direct_lookup,,add,add,False,3,3,1.0,3,1.0,154,48,33,0,False,False,False,False,operation_schema
AAP/2011/page_28.pdf-2,"what is the roi of an investment in s&p500 index from 2006 to january 3 , 2009?",-34.3%,"subtract(65.70, const_100), divide(#0, const_100)",percentage_change,,subtract,subtract|divide,True,1,1,1.0,1,1.0,69,48,22,162,True,True,True,True,success
HOLX/2007/page_129.pdf-1,what is the fair value of hologic common stock used to acquire suros?,46.3,"divide(106500, 2300)",direct_lookup,,divide,divide,False,2,2,1.0,2,1.0,24,19,19,0,False,False,False,False,operation_schema
LKQ/2010/page_84.pdf-1,what was the percentage change in rental expense for operating leases from 2008 to 2009?,17%,"subtract(57.2, 49.0), divide(#0, 49.0)",percentage_change,difference|margin|ratio,subtract,subtract|divide,True,2,2,1.0,2,1.0,34,30,8,192,True,True,True,True,success
AAPL/2008/page_78.pdf-2,what was the average change in unrealized gains on derivative instruments?,5,"table_average(change in unrealized gains on derivative instruments, none)",average,table_average|difference,table_average,table_average,True,0,0,,0,,58,35,5,192,True,True,True,True,success
GS/2013/page_152.pdf-2,what was the change in millions between 2012 and 2013 in currency hedges?,383,"subtract(150, -233)",difference,,subtract,subtract,True,2,2,1.0,2,1.0,34,34,15,192,False,False,False,False,candidate_generation
GPN/2009/page_70.pdf-2,what portion of total assets acquired is composed of goodwill?,69.7%,"divide(13536, 19427)",margin,sum|table_sum|ratio,divide,divide,True,2,2,1.0,2,1.0,33,33,18,192,True,True,True,True,success
C/2008/page_102.pdf-2,what was the change in billions in total capital ( tier 1 and tier 2 ) from 2007 to 2008?,-13.2,"subtract(108.4, 121.6)",sum,table_sum|difference,subtract,subtract,True,2,2,1.0,2,1.0,86,48,23,163,True,True,True,True,success
LMT/2006/page_37.pdf-1,"for the the quarter ended december 31 , 2006 what was the percent of the total number of shares purchased bought in october",48.2%,"divide(447700, 929400)",margin,sum|table_sum|ratio,divide,divide,True,2,2,1.0,2,1.0,28,28,15,192,True,True,True,True,success
AES/2015/page_117.pdf-2,what was the percentage change in proportional free cash flow between 2014 and 2015?,39%,"divide(350, 891)",percentage_change,difference|margin|ratio,divide,divide,True,2,2,1.0,2,1.0,81,48,27,192,False,False,False,False,candidate_generation
AMT/2005/page_85.pdf-1,what was the increase in long-term debt between 2004 and 2005 in thousands?,296048,"subtract(3451276, 3155228)",difference,,subtract,subtract,True,2,2,1.0,2,1.0,42,39,30,101,True,True,True,True,success
ABMD/2009/page_56.pdf-1,"what are the total contractual commitments , in millions?",40294,"table_sum(total obligations, none)",sum,table_sum,table_sum,table_sum,True,0,0,,0,,86,48,33,34,False,False,False,False,candidate_generation
DISH/2013/page_138.pdf-1,what is the tax expense related to discontinued operations in 2013?,7,"subtract(54, 47)",direct_lookup,,subtract,subtract,False,2,2,1.0,2,1.0,43,40,26,0,True,True,True,True,success
PM/2018/page_24.pdf-2,what was the difference in percentage return for pmi common stock compared to the s&p 500 index for the five years ended 2018?,53.8%,"subtract(96.50, const_100), divide(#0, const_100), subtract(150.30, const_100), divide(#2, const_100), subtract(#3, #1)",difference,percentage_change|margin|ratio,subtract,subtract|divide,True,2,2,1.0,2,1.0,37,37,20,192,True,True,True,True,success
ZBH/2003/page_58.pdf-4,what is the change in inventories net in millions between 2002 and 2003?,270.1,"subtract(527.7, 257.6)",difference,,subtract,subtract,True,2,2,1.0,2,1.0,82,48,29,115,True,True,True,True,success
LMT/2013/page_74.pdf-1,what was the average number of weighted average common shares outstanding for diluted computations from 2011 to 2013,331.6,"add(326.5, 328.4), add(#0, 339.9), add(#1, const_3), divide(#2, const_2)",average,table_average,add,add|divide,True,3,3,1.0,3,1.0,54,48,26,192,True,True,True,True,success
ETR/2003/page_84.pdf-1,"what amount of long-term debt due in the next 24 months as of december 31 , 2003 , in millions?",965.6,"add(503215, 462420), divide(#0, const_1000)",direct_lookup,,add,add|divide,False,2,2,1.0,2,1.0,52,37,19,0,False,False,False,False,operation_schema
AMT/2008/page_32.pdf-3,for the quarter ended march 312008 what was the percent of the change from the highest to the lowest of the company per share sale prices of common stock,33.1%,"subtract(42.72, 32.10), divide(#0, 32.10)",table_max,table_min|difference|percentage_change|margin|ratio,subtract,subtract|divide,True,2,2,1.0,2,1.0,50,48,15,192,True,True,True,True,success
TROW/2010/page_22.pdf-2,what was the average price of shares repurchased in 2010?,48,"divide(240.0, const_5)",average,table_average,divide,divide,True,1,1,1.0,1,1.0,97,48,33,192,True,True,True,True,success
UNP/2008/page_27.pdf-1,in 2008 what was the percent of the total operating revenues that was associated with other revenues,4.74%,"divide(852, 17970)",margin,sum|table_sum|ratio,divide,divide,True,2,2,1.0,2,1.0,42,36,16,192,True,True,True,True,success
APD/2016/page_57.pdf-2,"considering the years 2015-2016 , what is the decrease observed in the cash contributions to funded plans and benefit payments for unfunded plans?",42.32%,"subtract(79.3, 137.5), divide(#0, 137.5)",direct_lookup,difference|sum|average,subtract,subtract|divide,True,2,2,1.0,2,1.0,56,48,32,191,False,False,False,False,candidate_generation
ETR/2017/page_114.pdf-1,"what is the difference in payments between entergy arkansas and entergy louisiana , in millions?",4,"subtract(6, 2)",difference,,subtract,subtract,True,2,2,1.0,2,1.0,51,26,0,44,True,True,True,True,success
GIS/2012/page_64.pdf-1,"what is the total interest expense for the year ending on may 27 , 2012 , ( in millions )",12.6,"multiply(526.5, 2.4%)",sum,table_sum,multiply,multiply,False,2,2,1.0,2,1.0,53,48,27,26,False,False,False,False,operation_schema
IPG/2009/page_85.pdf-3,what percentage of amounts expensed in 2009 came from discretionary company contributions?,10.83%,"divide(3.8, 35.1), multiply(#0, const_100)",margin,ratio,divide,divide|multiply,True,2,2,1.0,2,1.0,90,48,33,192,True,True,True,True,success
INTC/2013/page_29.pdf-3,what is the percent of the square feet in owned facilities in other countries?,35.8%,"divide(16.7, 46.6)",direct_lookup,margin|ratio,divide,divide,True,2,2,1.0,2,1.0,35,35,18,192,True,True,True,True,success
ADBE/2018/page_86.pdf-1,what is the percentage change in total gross amount of unrecognized tax benefits from 2017 to 2018?,13.4%,"subtract(196152, 172945), divide(#0, 172945)",percentage_change,sum|table_sum|difference|margin|ratio,subtract,subtract|divide,True,2,2,1.0,2,1.0,47,44,30,192,False,False,True,True,bounded_pruning
APD/2019/page_48.pdf-2,"considering the year 2018 , what is the cash flow result?",-454.2,"subtract(2547.2, 1641.6), subtract(#0, 1359.8)",direct_lookup,,subtract,subtract,False,3,1,0.3333333333333333,1,0.3333333333333333,44,38,30,0,False,False,False,False,extraction_or_program_constant
UNP/2015/page_24.pdf-1,what was the ratio of the free cash flow to the cash provided by operating activities in 2015,0.07,"divide(524, 7344)",ratio,,divide,divide,True,2,2,1.0,2,1.0,28,20,16,192,True,True,True,True,success
ETR/2008/page_355.pdf-2,what percent of the change between net revenue in 2007 and 2008 was due to rider revenue?,18%,"subtract(252.7, 231.0), divide(3.9, #0)",margin,difference|percentage_change|ratio,subtract,subtract|divide,True,3,3,1.0,3,1.0,43,43,23,192,True,True,True,False,success
IPG/2008/page_62.pdf-2,"what is the change in the balance of liability for all restructuring from 2006 to 2008 , ( in millions ) ?",-19,"subtract(12.8, 31.8)",difference,,subtract,subtract,True,2,2,1.0,2,1.0,43,42,25,192,False,False,False,False,candidate_generation
AES/2017/page_157.pdf-1,what percentage was eurasia sbu of total revenue in 2017?,15%,"divide(1590, 10530)",direct_lookup,sum|table_sum|margin|ratio,divide,divide,True,2,2,1.0,2,1.0,61,48,36,192,True,True,True,True,success
JPM/2005/page_37.pdf-1,in 2005 what was the percent of the investment banking as part of the total segments operations,34.8%,"divide(3658, 10521)",direct_lookup,sum|table_sum|margin|ratio,divide,divide,True,2,2,1.0,2,1.0,61,48,38,192,True,True,True,False,success
BLK/2014/page_119.pdf-1,what percent higher is fair value than carrying value?,7.51%,"divide(5309, 4938), subtract(#0, const_1)",percentage_change,margin|ratio,divide,divide|subtract,True,2,2,1.0,2,1.0,140,48,29,192,True,True,True,True,success
ETR/2008/page_377.pdf-4,what percent of the net change in revenue between 2006 and 2007 was due to transmission revenue?,15.6%,"subtract(442.3, 403.3), divide(6.1, #0)",margin,difference|percentage_change|ratio,subtract,subtract|divide,True,3,3,1.0,3,1.0,36,36,20,192,True,True,True,True,success
ETR/2017/page_26.pdf-4,what is the growth rate in net revenue in 2016?,-7.4%,"subtract(1542, 1666), divide(#0, 1666)",percentage_change,,subtract,subtract|divide,True,2,2,1.0,2,1.0,41,38,17,192,False,False,False,False,candidate_generation
PNC/2009/page_46.pdf-4,what is the average percentage for aaa rated facilities in 2008 and 2009?,16.5%,"add(14, 19), divide(#0, const_2)",average,table_average|margin|ratio,add,add|divide,True,2,2,1.0,2,1.0,20,17,0,192,True,True,True,True,success
ZBH/2017/page_53.pdf-1,what is the company's net earnings as a percent of net sales in 2015 ? ( net profit margin ),4.392%,"divide(330.2, 7517.8)",margin,ratio,divide,divide,True,2,2,1.0,2,1.0,59,42,18,189,True,True,True,True,success
MRO/2004/page_36.pdf-2,what were total heavy fuel oil sales in tbd for the three year period?,71,"table_sum(heavy fuel oil, none)",sum,table_sum,table_sum,table_sum,True,0,0,,0,,75,48,41,192,True,True,True,True,success
AON/2014/page_47.pdf-1,what is the variation between the average and the highest operating margin?,2.53%,"table_average(operating margin, none), table_max(operating margin, none), subtract(#1, #0)",difference,average|table_average|table_max|margin|ratio|table_min,table_average,table_average|table_max|subtract,True,0,0,,0,,42,42,12,192,True,True,True,True,success
MAS/2018/page_60.pdf-2,what portion of the revised purchase price of kichler is dedicated to goodwill?,11.7%,"divide(64, 549)",margin,ratio,divide,divide,True,2,2,1.0,2,1.0,36,36,19,191,True,True,True,True,success
MRO/2007/page_134.pdf-2,what were total tax benefits realized for deductions during 2007 and 2006 in excess of the stock-based compensation expense for options exercised and other stock-based awards vested in millions?,66,"add(30, 36)",sum,table_sum,add,add,True,2,2,1.0,2,1.0,71,48,26,6,False,False,False,True,retrieval_or_bounded_context
ETR/2017/page_316.pdf-3,in 2016 what was the ratio of the net income increased to the net revenues,0.061,"divide(92.9, 1520.5)",ratio,,divide,divide,True,2,2,1.0,2,1.0,34,34,12,192,True,True,True,True,success
LMT/2017/page_80.pdf-1,what was the average weighted average common shares outstanding for diluted computations from 2015 to 2017,302.8,"add(290.6, 303.1), add(#0, 314.7), divide(#1, const_3)",average,table_average,add,add|divide,True,3,3,1.0,3,1.0,56,48,22,192,True,True,True,True,success
GS/2012/page_165.pdf-2,what percentage of total other assets in 2011 was comprised of goodwill and identifiable intangible assets?,24%,"divide(5468, 23152)",margin,sum|table_sum|ratio,divide,divide,True,2,2,1.0,2,1.0,50,48,31,192,True,True,True,True,success
CME/2017/page_97.pdf-4,how many total votes can the class b-3 provide in 2017?,1300,"multiply(const_1000, 1.3), multiply(const_1, #0)",product,sum|table_sum,multiply,multiply,True,1,1,1.0,1,1.0,32,31,3,176,False,False,False,False,candidate_generation
JPM/2018/page_110.pdf-4,what is the estimated percentual decrease observed in the htm investment securities from 2017 to 2018 ? .,34.1%,"subtract(47733, 31434), divide(#0, 47733)",percentage_change,difference|margin|ratio,subtract,subtract|divide,True,2,2,1.0,2,1.0,99,48,19,192,True,True,True,True,success
MRO/2015/page_18.pdf-2,"in 2018 , what percentage of undeveloped acres were located in the u.s?",12.6%,"divide(128, 1018)",margin,ratio,divide,divide,True,2,2,1.0,2,1.0,23,21,18,192,False,True,True,False,candidate_generation
AMAT/2014/page_18.pdf-2,"what are the total sales reported in 2012 , ( in billion ) ?",8.6,"divide(1.2, 14)",sum,table_sum,divide,divide,False,2,2,1.0,2,1.0,45,41,31,11,False,False,False,False,operation_schema
IPG/2008/page_62.pdf-1,"what is the average liability for all three programs , as of december 31 , 2008 , in millions?",4.27,"add(1.2, 5.7), add(#0, 5.9), divide(#1, const_3)",average,table_average,add,add|divide,True,3,3,1.0,3,1.0,43,40,32,191,False,False,False,False,candidate_generation
APD/2013/page_36.pdf-1,"considering the year 2013 , what is the sales to operating income ratio?",6.88,"divide(451.1, 65.5)",ratio,,divide,divide,True,2,2,1.0,2,1.0,45,36,20,192,True,True,True,True,success
HIG/2011/page_188.pdf-2,in 2010 what was the percentage change in the deferred policy acquisition costs and present value of future profits,-7.8%,"subtract(9857, 10686), divide(#0, 10686)",percentage_change,difference|margin|ratio,subtract,subtract|divide,True,2,2,1.0,2,1.0,63,48,29,192,False,False,False,False,candidate_generation
PNC/2015/page_159.pdf-2,"for 2015 and 2014 , what was the average in millions for provision recapture for purchased impaired loans?",86.5,"add(82, 91), divide(#0, const_2)",average,table_average,add,add|divide,True,2,2,1.0,2,1.0,37,34,20,192,True,True,True,True,success
MRO/2017/page_111.pdf-2,what was purchases of reserves in place in 2016?,-13,"subtract(15, 28)",direct_lookup,,subtract,subtract,False,2,2,1.0,2,1.0,66,48,30,0,False,False,False,False,operation_schema
IP/2005/page_35.pdf-1,"what is the change in total debt to be repaid in the contractual obligations for future payments under existing debt and lease commitments and purchase obligations at december 31 , 2005 between 2009 and 2008?",2022,"subtract(2330, 308)",sum,table_sum|difference,subtract,subtract,True,2,2,1.0,2,1.0,58,44,35,192,False,False,False,False,candidate_generation
LMT/2015/page_56.pdf-4,what was average net sales for space systems in millions from 2013 to 2015?,9198,"table_average(net sales, none)",average,table_average,table_average,table_average,True,0,0,,0,,66,48,26,192,True,True,True,True,success
BLL/2010/page_28.pdf-3,what is the five year total return on ball stock?,34.96,"subtract(134.96, 100.00)",direct_lookup,sum|table_sum,subtract,subtract,False,2,2,1.0,2,1.0,29,28,20,192,False,False,False,False,operation_schema
IPG/2015/page_37.pdf-3,what is the cash flow statement effect of the change in cash used for working capital from 2013 to 2014?,-121.5,"subtract(9.6, 131.1)",difference,,subtract,subtract,True,2,0,0.0,0,0.0,44,43,24,192,True,True,True,True,success
KHC/2016/page_23.pdf-3,what portion of the company owned facilities are located in the rest of the world?,31.3%,"divide(26, 83)",margin,ratio,divide,divide,True,2,2,1.0,2,1.0,29,29,15,192,True,True,True,True,success
AON/2009/page_46.pdf-2,what is the lowest segment operating income?,846,"table_min(segment operating income, none)",table_min,,table_min,table_min,True,0,0,,0,,29,11,7,3,True,True,True,True,success
GS/2014/page_136.pdf-1,"in millions in 2014 , 2013 , and 2012 , what was the greatest amount of hedged borrowings and bank deposits?",6999,"table_max(hedged borrowings and bank deposits, none)",table_max,,table_max,table_max,True,0,0,,0,,21,21,14,4,True,True,True,True,success
RSG/2015/page_142.pdf-2,what is the percentage growth of the aggregate fair values of our outstanding fuel hedge for 2014 to 2015,9.9%,"subtract(37.8, 34.4), divide(#0, 34.4)",percentage_change,margin|ratio,subtract,subtract|divide,True,2,2,1.0,2,1.0,46,44,18,192,True,True,True,True,success
MMM/2005/page_95.pdf-1,in 2005 what was the ratio of the breast implant receivables to the breast implant liabilities,18.6,"divide(130, 7)",ratio,,divide,divide,True,2,2,1.0,2,1.0,29,29,21,192,True,True,True,True,success
GS/2017/page_106.pdf-2,"what percentage of total market risk for positions , accounted for at fair value , that are not included in var is comprised of equity in 2017?",57%,"divide(2096, 3702)",margin,sum|table_sum|ratio,divide,divide,True,2,2,1.0,2,1.0,48,48,24,192,True,True,True,False,success
UAA/2016/page_52.pdf-1,what percent of total operating income was asia-pacific in 2015?,9%,"divide(36358, 408547)",margin,sum|table_sum|ratio,divide,divide,True,2,2,1.0,2,1.0,66,48,35,192,False,False,False,False,candidate_generation
LMT/2015/page_56.pdf-3,what was the average backlog at year-end from 2013 to 2015,197000,"add(17400, 20300), add(#0, 21400), divide(#1, const_3)",average,table_average,add,add|divide,True,3,3,1.0,3,1.0,66,48,21,192,False,False,False,False,candidate_generation
DVN/2007/page_58.pdf-3,what percentage of the total oil and gas mmboe comes from canada?,24.69%,"divide(60, 243), multiply(#0, const_100)",margin,sum|table_sum|ratio,divide,divide|multiply,True,2,2,1.0,2,1.0,54,48,20,192,True,True,True,True,success
INTC/2013/page_33.pdf-2,what was the percent of the impairment charges to the net revenue in 2013,0.5%,"divide(240, 52708)",direct_lookup,margin|ratio,divide,divide,True,2,2,1.0,2,1.0,62,48,37,192,True,True,True,True,success
OKE/2008/page_86.pdf-1,what was the total net change in net fair value of derivatives outstanding at between 2007 and 2008 in thousands?,233629,"subtract(258800, 25171)",sum,table_sum|difference,subtract,subtract,True,2,2,1.0,2,1.0,32,25,14,170,False,False,False,False,candidate_generation
ETR/2017/page_316.pdf-1,what was the average net revenue between 2016 and 2017 in millions,1521.55,"add(1520.5, 1522.6), divide(#0, const_2)",average,table_average,add,add|divide,True,2,2,1.0,2,1.0,34,34,16,192,True,True,True,True,success
OKE/2008/page_86.pdf-2,what was the percentage change in net fair value of derivatives outstanding at between 2007 and 2008 in thousands?,928%,"subtract(258800, 25171), divide(#0, 25171)",percentage_change,difference|margin|ratio,subtract,subtract|divide,True,2,2,1.0,2,1.0,32,28,18,192,True,True,True,True,success
FRT/2005/page_117.pdf-1,what is the growth of the additions in comparison with the growth of the deductions during 2003 and 2004?,92%,"divide(82551000, 68125000), subtract(#0, const_1), divide(1390000, 4645000), subtract(#2, const_1), subtract(#1, #3)",direct_lookup,sum|average|difference,divide,divide|subtract,True,4,2,0.5,2,0.5,17,16,13,192,False,False,False,False,extraction_or_program_constant
MRO/2007/page_149.pdf-1,5 development costs incurred during the period 1654 1251 1030,1311.7,"table_average(development costs incurred during the period, none)",direct_lookup,,table_average,table_average,False,0,0,,0,,50,48,38,0,False,False,False,False,operation_schema
AES/2016/page_191.pdf-1,what was the percentage change in the unrecognized tax benefits from 2014 to 2015?,-5%,"subtract(373, 394), divide(#0, 394)",percentage_change,difference|margin|ratio,subtract,subtract|divide,True,2,2,1.0,2,1.0,72,48,17,192,True,True,True,True,success
STZ/2006/page_68.pdf-2,"what were the remaining mondovi net assets acquired following the sale of certain excess assets from the deal , in thousands?",1042490.2,"subtract(1042661, 170.8)",direct_lookup,,subtract,subtract,False,2,2,1.0,2,1.0,45,36,26,0,True,True,True,True,success
INTC/2013/page_29.pdf-1,"what percentage of major facilities by square footage are owned as of december 28 , 2013?",85%,"divide(46.6, 54.9)",margin,ratio,divide,divide,True,2,2,1.0,2,1.0,35,34,18,192,True,True,True,True,success
CDNS/2012/page_30.pdf-1,what was the percentage cumulative 5-year total stockholder return for cadence design systems inc . for the five years ended 12/29/2012?,-21.08%,"subtract(78.92, const_100), divide(#0, const_100)",direct_lookup,sum|table_sum|margin|ratio,subtract,subtract|divide,True,1,1,1.0,1,1.0,50,48,26,190,True,True,True,True,success
GPN/2017/page_77.pdf-3,what are the total amount of net tangible assets obtained through the acquisition?,$ 62154,"subtract(265982, 203828)",sum,table_sum,subtract,subtract,False,2,2,1.0,2,1.0,21,17,13,89,True,True,True,True,success
STT/2009/page_73.pdf-1,what was the percentage change in the amortized cost in 2009,23.1%,"subtract(74843, 60786), divide(#0, 60786)",percentage_change,difference|margin|ratio,subtract,subtract|divide,True,2,2,1.0,2,1.0,32,31,13,192,True,True,True,True,success
BLK/2012/page_37.pdf-2,what is the long-term retail/hnw in emea as a percentage of the total long-term retail/hnw?,19.3%,"divide(77699, 403484)",margin,sum|table_sum|ratio,divide,divide,True,2,2,1.0,2,1.0,77,48,30,192,True,True,True,True,success
HII/2017/page_104.pdf-3,what was the ratio of the 2017 total long term debt to 2016,1,"divide(1279, 1278)",ratio,sum|table_sum,divide,divide,True,2,2,1.0,2,1.0,101,48,25,192,True,True,True,True,success
SWKS/2006/page_81.pdf-2,what is the percentage change in in the pension liability balance from 2004 to 2006?,44.7%,"divide(351, 786)",percentage_change,difference|margin|ratio,divide,divide,True,2,0,0.0,0,0.0,63,48,17,192,True,True,True,True,success
FBHS/2017/page_23.pdf-1,in 2017 what was amount net sales applicable to international market in millions,1320.8,"multiply(25%, 5283.3)",direct_lookup,,multiply,multiply,False,2,2,1.0,2,1.0,36,35,22,0,False,False,False,False,operation_schema
HOLX/2008/page_84.pdf-2,what portion of the total contractual obligations are due within the next 12 months?,5.8%,"divide(156571, 2702687)",margin,sum|table_sum|ratio,divide,divide,True,2,2,1.0,2,1.0,68,48,40,192,True,True,True,True,success
MRO/2015/page_18.pdf-3,"what was total net undeveloped acres expiring for the three year period , in thousands?",5808,"table_sum(total, none)",sum,table_sum,table_sum,table_sum,True,0,0,,0,,23,21,18,129,False,False,False,False,candidate_generation
HOLX/2010/page_124.pdf-1,what percentage of the total estimated purchase price was cash?,34%,"divide(2094800, 6156900)",margin,sum|table_sum|ratio,divide,divide,True,2,1,0.5,1,0.5,31,31,24,192,True,True,True,True,success
ALXN/2007/page_104.pdf-1,what is the average future minimum annual rental payment for the next five years?,4441,"add(3144, 3160), add(#0, 3200), add(#1, 2768), add(#2, 9934), divide(#3, const_5)",table_min,average|table_average,add,add|divide,True,5,5,1.0,5,1.0,33,24,8,191,True,True,True,True,success
AES/2015/page_117.pdf-4,net cash provided by operating activities increased by what percentage in 2014?,19%,"divide(343, 1791)",direct_lookup,margin|ratio,divide,divide,True,2,2,1.0,2,1.0,81,48,36,192,True,True,True,True,success
PPG/2011/page_70.pdf-1,"assuming the same trend as in 2011 , what would total stock-based compensation cost be for 2012?",24.92308,"divide(36, 52), multiply(#0, 36)",direct_lookup,sum|table_sum|average|difference,divide,divide|multiply,True,2,2,1.0,2,1.0,114,48,33,186,True,True,True,True,success
BLK/2013/page_125.pdf-2,what are the future minimum commitments under the operating leases in 2015 as a percentage of the total future minimum commitments?,9.88%,"divide(127, 1286)",table_min,sum|table_sum|margin|ratio,divide,divide,True,2,2,1.0,2,1.0,40,32,7,192,True,True,True,True,success
VLO/2018/page_25.pdf-1,for the fourth quarter ended december 312018 what was the total number of shares purchased in november,47.6%,"divide(3655945, 7673266)",sum,table_sum,divide,divide,False,2,2,1.0,2,1.0,45,36,22,135,False,False,False,False,operation_schema
C/2008/page_102.pdf-3,what was the change in billions in tier 1 capital from 2007 to 2008?,-11,"subtract(71.0, 82.0)",difference,,subtract,subtract,True,2,2,1.0,2,1.0,86,48,24,100,True,True,True,True,success
LMT/2012/page_47.pdf-1,what is the growth rate in operating profit for space systems in 2012?,1.9%,"subtract(1083, 1063), divide(#0, 1063)",percentage_change,,subtract,subtract|divide,True,2,2,1.0,2,1.0,62,48,25,192,False,False,False,False,candidate_generation
ETFC/2013/page_26.pdf-2,"at december 31 , 2013 what was the ratio of square feet of our office in alpharetta , georgia to the jersey city new jersey",2.37,"divide(254000, 107000)",ratio,,divide,divide,True,2,2,1.0,2,1.0,31,26,19,192,True,True,True,True,success
LMT/2005/page_40.pdf-4,"at december 31 , 2005 what was the percent of the total commitment applicable to the standby letters of credit",86%,"divide(2630, 3066)",margin,sum|table_sum|ratio,divide,divide,True,2,2,1.0,2,1.0,65,48,18,192,False,False,True,False,candidate_generation
DRE/2002/page_40.pdf-1,what is the percent change in quarterly cash dividend for the period ended march 31 2002 to the period ended march 31 2003?,1.11%,"subtract(.455, .450), divide(#0, .450), multiply(#1, const_100)",percentage_change,difference|margin|ratio,subtract,subtract|divide|multiply,True,2,2,1.0,2,1.0,40,40,27,192,False,False,True,False,candidate_generation
AMT/2005/page_54.pdf-1,"what portion of the adjusted consolidated cash flow for the twelve months ended december 31 , 2005 is related to non-tower cash flow?",-5.8%,"multiply(30584, const_m1), divide(#0, 531822)",margin,ratio,multiply,multiply|divide,True,2,1,0.5,1,0.5,46,45,17,134,False,False,False,False,extraction_or_program_constant
ETR/2008/page_355.pdf-1,what is the growth rate in net revenue in 2008 compare to 2007?,9.4%,"subtract(252.7, 231.0), divide(#0, 231.0)",percentage_change,,subtract,subtract|divide,True,2,2,1.0,2,1.0,43,43,23,192,True,True,True,True,success
AON/2014/page_47.pdf-3,"what is the total operating income in 2013 , ( in millions ) ?",1492,"multiply(1.6, const_1000), subtract(#0, 108)",sum,table_sum,multiply,multiply|subtract,False,2,2,1.0,2,1.0,42,32,20,33,False,False,False,False,operation_schema
ETR/2008/page_377.pdf-2,"what is the net change in net revenue for entergy texas , inc . during 2007?",39,"subtract(442.3, 403.3)",difference,,subtract,subtract,True,2,2,1.0,2,1.0,36,35,5,192,True,True,True,True,success
CDNS/2006/page_30.pdf-2,what is the rate of return of an investment in s&p500 inc from 2001 to 2005?,11.2%,"subtract(111.15, const_100), divide(#0, const_100)",direct_lookup,sum|average|difference,subtract,subtract|divide,True,1,1,1.0,1,1.0,62,48,34,192,True,True,True,True,success
UA/2015/page_71.pdf-1,what was the profit margin in 2015,5.8%,"divide(231277, 3967008)",margin,ratio,divide,divide,True,2,2,1.0,2,1.0,40,39,11,192,False,False,False,False,candidate_generation
RSG/2015/page_126.pdf-2,"during 2013 , what was the ratio of the accrued interest $ 1.2 million to the recognized a interest liability interest of $ 17.0 million .",14.2,"divide(17.0, 1.2)",ratio,,divide,divide,True,2,2,1.0,2,1.0,56,48,26,192,False,False,False,True,retrieval_or_bounded_context
PNC/2009/page_41.pdf-3,in 2009 what was the ratio of the commercial mortgages at fair value to lower of cost or market \\n,4.18,"divide(1050, 251)",ratio,,divide,divide,True,2,2,1.0,2,1.0,68,48,29,192,True,True,True,True,success
GIS/2019/page_37.pdf-2,in 2019 what was the percent of the total future estimated cash payments under existing contractual obligations associated with long-term debt that was due in 2020,10.7%,"divide(1396.3, 13093.0)",margin,sum|table_sum|ratio,divide,divide,True,2,2,1.0,2,1.0,58,48,35,192,False,False,False,False,candidate_generation
ADBE/2018/page_86.pdf-2,"for fiscal 2018 , what percentage of the total change in the valuation allowance was due to settlements with taxing authorities?",0,"divide(0, 80.9)",margin,sum|table_sum|difference|percentage_change|ratio,divide,divide,True,2,2,1.0,2,1.0,47,47,30,192,True,True,True,True,success
DRE/2013/page_39.pdf-2,"what was the percent of the debt maturities outstanding at december 31 , 2013 that was unsecured debt",72.1%,"divide(3.1, 4.3)",direct_lookup,margin|ratio,divide,divide,True,2,2,1.0,2,1.0,66,48,28,192,False,False,False,True,retrieval_or_bounded_context
UNP/2006/page_37.pdf-2,what is the anticipated percentage increase in the capital investment in 2007 from 2006,42.9%,"subtract(3.2, 2242), divide(#0, 2242)",percentage_change,difference|margin|ratio,subtract,subtract|divide,True,2,2,1.0,2,1.0,68,48,26,192,False,False,False,False,candidate_generation
UNP/2006/page_37.pdf-1,in 2006 what was the percent of the total investments amount attributable to the track,66.3%,"divide(1487, 2242)",margin,sum|table_sum|ratio,divide,divide,True,2,2,1.0,2,1.0,68,48,19,192,True,True,True,True,success
STZ/2006/page_68.pdf-3,what portion of the robert mondavi's total assets acquired is related to goodwill?,34.3%,"divide(634203, 1848575)",margin,sum|table_sum|ratio,divide,divide,True,2,2,1.0,2,1.0,45,45,25,192,True,True,True,True,success
AES/2017/page_157.pdf-2,"as of december 31 , 2017 , assuming an average price per share of $ 12.12 , what would be the cost in millions to repurchase all the remaining shares remaining in the program?",2981.5,"multiply(246, 12.12)",average,table_average,multiply,multiply,False,2,2,1.0,2,1.0,61,48,33,192,False,False,False,False,operation_schema
AMT/2004/page_81.pdf-1,what is the percentage change in amortization expense from from 2008 to 2009?,2.0%,"subtract(97.8, 95.9), divide(#0, 95.9)",percentage_change,difference|margin|ratio,subtract,subtract|divide,True,2,2,1.0,2,1.0,59,48,29,192,True,True,True,True,success
PM/2015/page_127.pdf-1,what is the percentage increase in total accumulated other comprehensive losses from 2014 to 2015?,37.7%,"subtract(9402, 6826), divide(#0, 6826)",percentage_change,sum|table_sum|difference|margin|ratio,subtract,subtract|divide,True,2,0,0.0,0,0.0,56,48,30,192,True,True,True,True,success
K/2013/page_62.pdf-2,what percent of total derivatives are from interest rate contracts in 2013?,73.22,"divide(2400, 3278)",margin,sum|table_sum|ratio,divide,divide,True,2,2,1.0,2,1.0,36,33,13,192,True,True,True,True,success
MS/2014/page_292.pdf-2,"accrued interest represented how much of the ending balance in uncertain tax benefits as of december 31 , 2014?",11.6%,"divide(258, 2228)",direct_lookup,,divide,divide,False,2,2,1.0,2,1.0,65,48,26,0,False,False,False,False,operation_schema
IP/2012/page_93.pdf-2,what was the change in rent expenses between 2010 and 2011?,-5,"subtract(205, 210)",difference,,subtract,subtract,True,2,2,1.0,2,1.0,43,36,18,192,True,True,True,True,success
PPG/2011/page_70.pdf-2,"what was the increase for the maximum company match on january 1 , 2011?",1%,"multiply(50%, 6%), multiply(75%, 6%), subtract(#1, #0)",table_max,difference,multiply,multiply|subtract,True,3,3,1.0,2,0.6666666666666666,114,48,19,192,False,False,False,False,retrieval
C/2017/page_328.pdf-4,what was the percentage growth of the five-year cumulative total return of s&p financials from 2015 to 2016,0.22742,"subtract(188.9, 153.9), divide(#0, 153.9)",indexed_return,sum|table_sum|margin|ratio|difference,subtract,subtract|divide,True,2,2,1.0,2,1.0,41,41,21,192,False,False,False,True,retrieval_or_bounded_context
PNC/2013/page_112.pdf-2,"in these equity investment balances , what is the percent of unfunded commitments at december 31 , 2012?",6.3%,"divide(685, 10877)",direct_lookup,margin|ratio,divide,divide,True,2,2,1.0,2,1.0,79,48,27,192,True,True,True,False,success
LMT/2017/page_80.pdf-2,what was the change in millions of weighted average common shares outstanding for diluted computations from 2016 to 2017?,-12.5,"subtract(290.6, 303.1)",average,table_average|difference,subtract,subtract,True,2,2,1.0,2,1.0,56,48,21,192,True,True,True,True,success
LLY/2018/page_63.pdf-1,what was the percentage change in inventories between 2017 and 2018?,-8%,"subtract(4111.8, 4458.3), divide(#0, 4458.3)",percentage_change,difference|margin|ratio,subtract,subtract|divide,True,2,2,1.0,2,1.0,23,20,15,192,False,False,False,False,candidate_generation
HOLX/2008/page_144.pdf-1,what is the estimated price of hologic common stock used in the acquisition of suros?,23.2,"divide(106500, 4600)",direct_lookup,,divide,divide,False,2,2,1.0,2,1.0,47,33,26,0,False,False,False,False,operation_schema
DRE/2009/page_72.pdf-2,what was the percent of the increase in compensation cost recognized for rsus from 2008 to 2009,48.9%,"subtract(7.3, 4.9), divide(#0, 4.9)",difference,percentage_change|margin|ratio,subtract,subtract|divide,True,2,2,1.0,2,1.0,51,48,24,192,False,False,False,True,retrieval_or_bounded_context
ETFC/2007/page_126.pdf-2,as of december 2007 what was the ratio of the future debt maturities for 2011 to the amounts after 2012,0.15,"divide(453815, 2996337)",ratio,,divide,divide,True,2,2,1.0,2,1.0,27,24,16,192,True,True,True,True,success
IP/2009/page_37.pdf-2,north american consumer packaging net sales where what percentage of consumer packaging sales in 2008?,78%,"multiply(2.5, const_1000), divide(#0, 3195)",margin,ratio,multiply,multiply|divide,True,2,2,1.0,2,1.0,91,48,24,192,True,True,True,True,success
ADBE/2018/page_86.pdf-4,what is the combined amount of accrued interest and penalties related to tax positions taken on our tax returns in millions for fiscal 2018 and 2017?,48.2,"add(24.6, 23.6)",sum,table_sum,add,add,True,2,2,1.0,2,1.0,47,41,30,106,False,False,False,True,retrieval_or_bounded_context
C/2017/page_328.pdf-3,what was the difference in percentage cumulative total return for the five year period ended 31-dec-2017 of citi common stock and s&p financials?,-0.374,"subtract(193.5, const_100), divide(#0, const_100), subtract(230.9, const_100), divide(#2, const_100), subtract(#1, #3)",indexed_return,sum|table_sum|difference|percentage_change|margin|ratio,subtract,subtract|divide,True,2,2,1.0,2,1.0,41,41,22,192,False,False,False,False,candidate_generation
PNC/2009/page_46.pdf-1,"if there were 50 facilities being rated in 2009 , how many were bbb/baa?",1,"divide(100, 50), divide(#0, #0)",direct_lookup,,divide,divide,False,2,2,1.0,2,1.0,20,17,12,0,False,False,False,False,operation_schema
ETR/2011/page_324.pdf-4,"what will be the yearly interest expense for entergy louisiana for the bond issued in 2012 , ( in millions ) ?",4.7,"subtract(250, 1.875%)",direct_lookup,,subtract,subtract,False,2,2,1.0,2,1.0,43,37,19,0,False,False,False,False,operation_schema
PM/2015/page_85.pdf-3,"what is the interest expense in 2015 assuming that all the debt is interest bearing debt , ( in billions ) ?",0.86,"multiply(28.5, 3.0%)",direct_lookup,,multiply,multiply,False,2,2,1.0,2,1.0,142,48,17,0,False,False,False,False,operation_schema
AAPL/2003/page_24.pdf-1,"what were capital expenditures associated with the retail segment since its inception , exclusive of the amount incurred during 2003 , in millions?",198,"subtract(290, 92)",direct_lookup,,subtract,subtract,False,2,2,1.0,2,1.0,94,48,36,0,False,False,False,False,operation_schema
ETR/2015/page_109.pdf-1,"what is the difference in payments between entergy arkansas and entergy new orleans , in millions?",66,"subtract(68, 2)",difference,,subtract,subtract,True,2,2,1.0,2,1.0,36,20,2,131,True,True,True,True,success
MSI/2006/page_61.pdf-4,"what was the average rental expense , net of sublease income from 2004 to 2006 in millions",232,"add(241, 250), add(#0, 205), add(#1, const_3), divide(#2, const_2)",average,table_average,add,add|divide,True,3,3,1.0,3,1.0,82,48,38,191,False,False,False,True,retrieval_or_bounded_context
CDNS/2018/page_31.pdf-2,what was the difference in percentage cumulative 5-year total stockholder return for cadence design systems inc . compared to the nasdaq composite for the period ending 12/29/2018?,145.29%,"subtract(311.13, const_100), divide(#0, const_100), subtract(165.84, const_100), divide(#2, const_100), subtract(#1, #3)",sum,table_sum|difference|percentage_change|margin|ratio,subtract,subtract|divide,True,2,2,1.0,2,1.0,65,48,30,192,True,True,True,True,success
HWM/2016/page_40.pdf-2,"considering the year 2016 , what was the percentual increase in the high sale price observed during the first and second quarters?",12.52%,"divide(34.50, 30.66), subtract(#0, const_1)",percentage_change,difference|margin|ratio,divide,divide|subtract,True,2,2,1.0,2,1.0,61,48,25,192,True,True,True,True,success
ETR/2017/page_26.pdf-3,what is the net change in net revenue during 2016?,-124,"subtract(1542, 1666)",difference,,subtract,subtract,True,2,2,1.0,2,1.0,41,38,5,192,True,True,True,True,success
ABMD/2006/page_75.pdf-2,the non-recurring charge for the office facility closing was what percent of lease expense in 2006?,4.6%,"divide(58000, 1262000)",margin,ratio,divide,divide,True,2,2,1.0,2,1.0,37,32,17,192,True,True,True,True,success
BDX/2019/page_45.pdf-1,in 2019 what was the percent of the financing structure that was based on the equity,44.4%,"subtract(const_1, 45.6)",direct_lookup,margin|ratio,subtract,subtract,False,1,1,1.0,1,1.0,55,48,26,192,False,False,False,False,operation_schema
UNP/2013/page_54.pdf-2,in 2013 what was the percent of the total operating revenues from mexico,9.6%,"divide(2.1, 21963)",margin,sum|table_sum|ratio,divide,divide,True,2,2,1.0,2,1.0,49,48,34,192,False,False,False,False,candidate_generation
AWK/2013/page_132.pdf-4,what was the net effect of the one-percentage point increase and decrease on total service and interest cost components,1393.0,"add(7367, -5974)",difference,sum|table_sum|percentage_change|margin|ratio,add,add,True,2,2,1.0,2,1.0,6,6,4,126,True,True,True,True,success
MRO/2009/page_56.pdf-2,what was the spread between the high and low henry hub natural gas ( dollars per mcf ) in 2009?,45.38,"subtract(79.36, 33.98)",direct_lookup,,subtract,subtract,False,2,2,1.0,2,1.0,40,31,21,0,False,False,False,False,operation_schema
IP/2006/page_32.pdf-2,in 2005 what percentage of consumer packaging sales were represented by foodservice net sales?,19%,"divide(437, 2245)",margin,ratio,divide,divide,True,2,2,1.0,2,1.0,79,48,23,192,True,True,True,True,success
LMT/2005/page_40.pdf-3,what was the percent of the total commitment with an expiration of less that 1 year was subject to renewal,93.3%,"divide(2262, 2425)",margin,sum|table_sum|ratio,divide,divide,True,2,2,1.0,2,1.0,65,48,12,192,False,False,False,False,candidate_generation
APD/2014/page_44.pdf-1,"considering the year 2014 , what is the variation between the capital expenditures on a gaap basis and the one on a non-gaap basis?",202.9,"subtract(1885.1, 1682.2)",direct_lookup,,subtract,subtract,False,2,2,1.0,2,1.0,69,48,32,0,True,True,True,True,success
IPG/2015/page_48.pdf-2,what is the percentage change in interest income from 2014 to 2015?,-16.8%,"subtract(22.8, 27.4), divide(#0, 27.4)",percentage_change,difference|margin|ratio,subtract,subtract|divide,True,2,2,1.0,2,1.0,46,45,4,192,False,False,False,True,retrieval_or_bounded_context
AES/2002/page_46.pdf-2,what was the average high and low stock price for the second quarter of 2002?,6.36,"add(9.17, 3.55), divide(#0, const_2)",average,table_average,add,add|divide,True,2,2,1.0,2,1.0,29,23,21,192,True,True,True,True,success
JPM/2008/page_85.pdf-4,"assuming a 5% ( 5 % ) rate of return , what would the earnings be ( in millions ) on 2008 total adjusted average assets?",98345,"divide(5, const_100), multiply(#0, 1966895)",average,table_average|sum|table_sum,divide,divide|multiply,True,2,1,0.5,1,0.5,32,30,19,192,False,False,False,True,extraction_or_program_constant
DRE/2009/page_72.pdf-1,what was the value of the rsu's granted,14759301.12,"multiply(1583616, 9.32)",direct_lookup,,multiply,multiply,False,2,2,1.0,2,1.0,51,42,27,0,False,False,False,False,operation_schema
APTV/2014/page_49.pdf-2,what was the percentage total return for delphi automotive plc for the five years ended december 31 2014?\\n,250.82%,"subtract(350.82, const_100), divide(#0, const_100)",direct_lookup,sum|table_sum|margin|ratio,subtract,subtract|divide,True,1,1,1.0,1,1.0,53,48,25,190,True,True,True,False,success
ILMN/2007/page_78.pdf-2,what was the percentage change in net income ( loss ) on a pro forma basis between 2006 and 2007?,145%,"subtract(17388, -38957), divide(#0, 38957)",percentage_change,difference|margin|ratio,subtract,subtract|divide,True,3,2,0.6666666666666666,2,0.6666666666666666,26,23,16,192,True,True,True,True,success
BLK/2012/page_160.pdf-1,what percent did the balance increase between the beginning of 2010 and the end of 2012?,41.75%,"divide(404, 285), subtract(#0, 1)",direct_lookup,difference|percentage_change|margin|ratio|sum|average,divide,divide|subtract,True,3,3,1.0,3,1.0,101,48,27,192,False,False,False,False,candidate_generation
EW/2017/page_82.pdf-2,what percentage of the total purchase price net of cash acquired is ipr&d ?,29%,"divide(53.1, 182.2)",margin,sum|table_sum|ratio,divide,divide,True,2,2,1.0,2,1.0,26,26,16,192,True,True,True,True,success
JPM/2008/page_85.pdf-1,tier 2 capital is what percent of total capital for 2008?,26.3%,"divide(48616, 184720)",margin,sum|table_sum|ratio,divide,divide,True,2,2,1.0,2,1.0,32,31,13,192,True,True,True,True,success
APD/2018/page_59.pdf-1,"considering the fair market value of plan assets in 2018 , what is its estimated return for 10 years?",8327.41,"divide(6.9%, const_100), add(const_1, #0), exp(#1, 10), multiply(4273.1, #2)",direct_lookup,,divide,divide|add|exp|multiply,False,3,2,0.6666666666666666,2,0.6666666666666666,54,48,33,0,False,False,False,False,extraction_or_program_constant
PNC/2011/page_87.pdf-4,"for 2013 , what was the total in millions of the combined interest only product and principal and interest product?",1542,"add(1211, 331)",sum,table_sum,add,add,True,2,2,1.0,2,1.0,54,48,27,112,True,True,True,True,success
HII/2017/page_104.pdf-4,what is the ratio of the deffered tax assets for the state income tax credit carry-forwards to the net operating loss carry-forward,5.3,"divide(16, const_3)",ratio,,divide,divide,True,1,1,1.0,1,1.0,101,48,21,191,False,False,False,False,candidate_generation
GPN/2009/page_70.pdf-3,what percent of assets acquired by the acquisition are non-tangible assets?,96%,"add(13536, 4091), add(#0, 1031), divide(#1, 19427)",margin,ratio,add,add|divide,True,4,4,1.0,4,1.0,33,33,18,192,False,False,True,False,candidate_generation
MSI/2009/page_65.pdf-1,in 2009 what was the company 2019s consolidated net sales in billions,22.19,"divide(7.1, 32%)",direct_lookup,,divide,divide,False,2,2,1.0,2,1.0,75,48,20,0,False,False,False,False,operation_schema
DISH/2013/page_138.pdf-3,"what was the average revenue from discontinued operations in 2013 and 2011 , in millions?",738.5,"add(503, 974), divide(#0, const_2)",average,table_average,add,add|divide,True,2,2,1.0,2,1.0,43,41,25,192,True,True,True,True,success
ANSS/2013/page_55.pdf-1,as of december 312013 what was the percent of the total contractual obligations global headquarters operating leases,47.3%,"divide(68389, 144535)",margin,sum|table_sum|ratio,divide,divide,True,2,2,1.0,2,1.0,74,48,36,192,False,False,True,True,bounded_pruning
MRO/2008/page_69.pdf-1,what is the difference between the high wti crude oil and western canadian select prices?,$ 30.34,"subtract(145.29, 114.95)",difference,,subtract,subtract,True,2,2,1.0,2,1.0,58,43,25,145,True,True,True,True,success
IPG/2008/page_93.pdf-4,"what is the total amount of parent company guarantees combined for 2007 and 2008 , in millions?",582.8,"add(255.7, 327.1)",sum,table_sum,add,add,True,2,2,1.0,2,1.0,54,48,35,5,False,False,False,False,candidate_generation
ETR/2017/page_316.pdf-2,what percent increase in net income was experienced between 2015 and 2016,6.51%,"subtract(1520.5, 92.9), divide(92.9, #0)",percentage_change,difference|margin|ratio,subtract,subtract|divide,True,2,2,1.0,2,1.0,34,34,11,192,True,True,True,True,success
HIG/2008/page_318.pdf-1,in 2008 what was the percent of the total gaap stockholders 2019 equity and aggregate statutory capital associated with life operations,43.9%,"divide(6047, 13777)",margin,sum|table_sum|ratio,divide,divide,True,2,2,1.0,2,1.0,44,41,14,192,True,True,True,True,success
HII/2017/page_47.pdf-1,what was the return on total assets during 2013?,4.2%,"divide(261, 6190)",direct_lookup,sum|table_sum,divide,divide,False,2,2,1.0,2,1.0,71,48,45,192,False,False,False,False,operation_schema
AMT/2005/page_105.pdf-3,what was the percentage of the anticipated approximate tax refund in 2003 based on the nol $ 90.0 million .,23.7%,"divide(90.0, 380.0)",direct_lookup,margin|ratio,divide,divide,True,2,2,1.0,2,1.0,44,41,30,192,False,False,False,True,retrieval_or_bounded_context
MAS/2012/page_70.pdf-3,as of december 31 2010 percent of the cabinets and related products to the total gross goodwill,13.9%,"divide(587, 4216)",direct_lookup,sum|table_sum|margin|ratio,divide,divide,True,2,2,1.0,2,1.0,78,48,35,192,True,True,True,True,success
L/2015/page_59.pdf-1,what is the roi of an investment in loews common stock from 2010 to 2011?,-2.6%,"subtract(97.37, const_100), divide(#0, const_100)",percentage_change,,subtract,subtract|divide,True,1,1,1.0,1,1.0,33,32,21,176,False,False,False,False,candidate_generation
AAPL/2003/page_24.pdf-2,what was the greatest gross margin percentage in the three year period?,27.9,"table_max(gross margin percentage, none)",table_max,margin|ratio,table_max,table_max,True,0,0,,0,,94,48,22,192,True,True,True,True,success
RE/2015/page_33.pdf-3,"what is the total value of fixed maturities and cash as of december 31 , 2015 , in billions?",15.5,"multiply(17.7, 87.4%)",sum,table_sum,multiply,multiply,False,2,2,1.0,2,1.0,122,48,40,106,True,True,True,False,success
GPN/2009/page_70.pdf-4,what percent of assets acquired by the acquisition are non-tangible assets?,96%,"add(13536, 4091), add(#0, 1031), divide(#1, 19427)",margin,ratio,add,add|divide,True,4,4,1.0,4,1.0,33,33,18,192,False,False,True,False,candidate_generation
CAG/2008/page_75.pdf-1,what percentage of total inventories is comprised of finished goods in 2007?,62%,"divide(1001.3, 1625.1)",margin,sum|table_sum|ratio,divide,divide,True,2,2,1.0,2,1.0,42,37,22,192,True,True,True,True,success
K/2013/page_62.pdf-1,what was the percentage change in the company recognized tax-related interest and penalties in 2011 .,15.8%,"add(16, 3), divide(3, #0)",percentage_change,difference|margin|ratio,add,add|divide,True,2,2,1.0,2,1.0,36,28,13,192,False,False,True,True,bounded_pruning
UAA/2016/page_52.pdf-2,what is the operating margin for connected fitness in 2014?,-68.0%,"divide(-13064, const_1000), divide(#0, 19.2)",margin,ratio,divide,divide,True,2,2,1.0,2,1.0,66,48,35,192,False,False,False,False,candidate_generation
DISCA/2012/page_39.pdf-1,what is the difference in millions of international subscribers between discovery channel and animal planet?,63,"subtract(246, 183)",difference,,subtract,subtract,True,2,2,1.0,2,1.0,41,38,26,132,True,True,True,True,success
PM/2015/page_38.pdf-2,what is the percentage change in the weighted-average discount rate for non-u.s . pension plans from 2014 to 2015?,-12.5%,"subtract(1.68, 1.92), divide(#0, 1.92)",percentage_change,average|table_average|difference|margin|ratio,subtract,subtract|divide,True,2,2,1.0,2,1.0,23,20,12,192,True,True,True,True,success
CME/2012/page_70.pdf-3,what was the percent of minimum total assets available for default that was guaranty fund contributions ( 2 ),26.4%,"divide(2899.5, 10973.1)",table_min,sum|table_sum|margin|ratio,divide,divide,True,2,2,1.0,2,1.0,62,48,5,192,True,True,True,True,success
APD/2013/page_32.pdf-2,"considering the gaap basis , what was the growth observed in the effective tax rate during 2012 and 2013?",0.9%,"subtract(22.8%, 21.9%)",direct_lookup,sum|average|difference,subtract,subtract,True,2,2,1.0,2,1.0,48,46,27,190,False,False,False,False,candidate_generation
ILMN/2007/page_78.pdf-1,for the year ended december 302007 what was the net margin,4.7%,"divide(17388, 366854)",margin,ratio,divide,divide,True,2,2,1.0,2,1.0,26,26,16,192,False,False,False,False,candidate_generation
PM/2015/page_127.pdf-2,what is the percentage increase in total accumulated other comprehensive losses from 2013 to 2014?,62.9%,"subtract(6826, 4190), divide(#0, 4190)",percentage_change,sum|table_sum|difference|margin|ratio,subtract,subtract|divide,True,2,0,0.0,0,0.0,56,48,31,192,True,True,True,True,success
ETR/2016/page_418.pdf-2,"what is the net change in net revenue during 2016 for entergy texas , inc.?",7,"subtract(644.2, 637.2)",difference,,subtract,subtract,True,2,2,1.0,2,1.0,29,27,1,192,True,True,True,True,success
CDNS/2018/page_31.pdf-4,what was the percentage cumulative 5-year total stockholder return for cadence design systems inc . for the period ending 12/29/2018?,211.13%,"subtract(311.13, const_100), divide(#0, const_100)",direct_lookup,sum|table_sum|margin|ratio,subtract,subtract|divide,True,1,1,1.0,1,1.0,65,48,30,191,True,True,True,True,success
SNA/2012/page_33.pdf-3,what was the ratio of the snap-on 2019s performance to that of the standard & poor 2019s 500 stock index in 2012,1.72,"divide(187.26, 108.59)",ratio,,divide,divide,True,2,2,1.0,2,1.0,54,48,25,192,True,True,True,True,success
AON/2009/page_48.pdf-3,what was the total revenues in 2009 based on the consulting segment generated 17% ( 17 % ) of our consolidated total revenues in millions,7452.94,"divide(1267, 17%)",sum,table_sum,divide,divide,False,2,2,1.0,2,1.0,42,40,21,33,False,False,False,False,operation_schema
C/2010/page_223.pdf-2,"what is the percentage of allowance of the company's purchased distressed loan portfolio at december 31 , 2010?",16%,"add(392, 77), divide(77, #0)",direct_lookup,margin|ratio,add,add|divide,True,2,2,1.0,2,1.0,40,40,27,192,False,False,False,False,candidate_generation
MRO/2009/page_139.pdf-2,what was highest net rental expense in millions?,267,"table_max(net rental expense, none)",table_max,,table_max,table_max,True,0,0,,0,,46,39,18,5,True,True,True,True,success
CMCSA/2015/page_64.pdf-1,what would the investment income ( loss ) have been in 2015 without the gain from the sale of shares of arris group common stock in 2014?,-73,"subtract(81, 154)",direct_lookup,sum|average|difference,subtract,subtract,True,2,2,1.0,2,1.0,62,48,32,192,False,False,False,True,retrieval_or_bounded_context
STZ/2006/page_68.pdf-1,what is the current ratio of robert mondavi?,1.7,"divide(513782, 310919)",ratio,,divide,divide,True,2,1,0.5,1,0.5,45,34,26,192,False,False,False,False,extraction_or_program_constant
ETR/2002/page_24.pdf-3,what is the percent change in earnings for non-utility nuclear from 2001 to 2002?,57.0%,"subtract(201, 128), divide(#0, 128)",percentage_change,difference|margin|ratio,subtract,subtract|divide,True,2,2,1.0,2,1.0,61,48,26,192,True,True,True,True,success
LMT/2015/page_54.pdf-2,what were average backlog at year-end for mfc from 2013 to 2015 in millions?,14367,"add(15500, 13300), add(#0, 14300), divide(#1, const_3)",average,table_average,add,add|divide,True,3,3,1.0,3,1.0,65,48,25,192,True,True,True,True,success
RSG/2015/page_126.pdf-1,"as of december 31 , 2015 what was the percentage decline in the gross unrecognized tax benefits from 2014 to 2015",-32.9%,"subtract(47.0, 70.1), divide(#0, 70.1)",direct_lookup,margin|ratio|sum|average|difference,subtract,subtract|divide,True,2,2,1.0,2,1.0,56,48,28,188,True,True,True,True,success
AAP/2012/page_12.pdf-2,what is the growth rate in the number of stores during 2011?,2.7%,"subtract(3460, 3369), divide(#0, 3369)",percentage_change,,subtract,subtract|divide,True,2,2,1.0,2,1.0,29,27,18,192,True,True,True,True,success
KHC/2016/page_23.pdf-1,what portion of the company owned facilities are located in europe?,13.3%,"divide(11, 83)",margin,ratio,divide,divide,True,2,2,1.0,2,1.0,29,29,15,192,True,True,True,True,success
IPG/2008/page_21.pdf-3,what was the average price per share from november to december?,3.61,"add(3.24, 3.98), divide(#0, const_2)",average,table_average,add,add|divide,True,2,2,1.0,2,1.0,23,20,11,192,False,False,False,True,retrieval_or_bounded_context
C/2010/page_223.pdf-4,"what is the gross carrying amount in millions of the company's purchased distressed loan portfolio at december 31 , 2010?",469,"add(392, 77)",direct_lookup,,add,add,False,2,2,1.0,2,1.0,40,40,28,0,True,True,True,True,success
BLL/2007/page_35.pdf-4,"including the shares repurchased under the december 2007 repo agreement , what was the total authorized shares ( in millions ) eligible for repurchase under the january 23 , 2008 repurchase authorization?\\n\\n",12.675,"divide(675000, const_1000000), add(#0, 12)",sum,table_sum,divide,divide|add,True,2,2,1.0,2,1.0,52,48,28,41,True,True,True,True,success
BLL/2010/page_28.pdf-1,what was the percentage cumulative total shareholder return for ball corporation for the five year period ending 12/31/10?,78.93%,"subtract(178.93, const_100), divide(#0, const_100)",sum,table_sum|margin|ratio,subtract,subtract|divide,True,1,1,1.0,1,1.0,29,29,13,192,False,False,True,True,bounded_pruning
AES/2015/page_117.pdf-1,what was the percentage change in proportional free cash flow between 2013 and 2014?,-30%,"divide(-380, 1271)",percentage_change,difference|margin|ratio,divide,divide,True,2,2,1.0,2,1.0,81,48,30,192,True,True,True,True,success
ZBH/2017/page_71.pdf-1,what was the change in defined contribution plans expenses for the u.s . between 2015 and 2016 in millions?,2.3,"subtract(42.5, 40.2)",difference,,subtract,subtract,True,2,2,1.0,2,1.0,73,48,15,192,True,True,True,True,success
ETFC/2011/page_82.pdf-1,"what percentage of total goodwill is attributable to retail bank reporting unit as december 31 , 2011?",2%,"divide(40.6, 1934.2)",margin,sum|table_sum|ratio,divide,divide,True,2,2,1.0,2,1.0,10,10,3,186,False,False,False,False,candidate_generation
LMT/2005/page_40.pdf-2,what percent of total commitments expire in 1-3 years?,17%,"divide(524, 3066)",margin,sum|table_sum|ratio,divide,divide,True,2,2,1.0,2,1.0,65,48,20,192,True,True,True,True,success
FIS/2007/page_94.pdf-2,what portion of the future minimum operating lease payments is due in the next 12 months?,33.5%,"divide(83382, 249038)",table_min,margin|ratio,divide,divide,True,2,1,0.5,1,0.5,45,31,14,192,False,False,False,True,extraction_or_program_constant
HUM/2017/page_133.pdf-4,"considering the years 2016-2017 , what is the percentual increase observed in the payment amount per share?",28.45%,"divide(1.49, 1.16), subtract(#0, const_1)",percentage_change,difference|margin|ratio,divide,divide|subtract,True,2,2,1.0,2,1.0,65,48,27,192,True,True,True,True,success
PKG/2009/page_65.pdf-2,what percentage of total purchase commitments are due in 2013?,3%,"divide(1486, 44572)",margin,sum|table_sum|ratio,divide,divide,True,2,2,1.0,2,1.0,33,24,9,192,False,False,False,False,candidate_generation
MRO/2017/page_111.pdf-1,"for revisions of previous estimates , what was the impact in mmboe resulting from an increase in drilling programs in u.s . resource plays and an increase in discontinued operations due to technical reevaluation and lower royalty percentages related to lower realized prices?",172,"add(105, 67)",difference,percentage_change|margin|ratio,add,add,False,2,2,1.0,2,1.0,66,48,24,192,False,False,False,False,operation_schema
LLY/2018/page_63.pdf-3,what was the percent of the finished products to the total inventory,24.03%,"divide(988.1, 4111.8)",direct_lookup,sum|table_sum|margin|ratio,divide,divide,True,2,2,1.0,2,1.0,23,23,15,192,True,True,True,True,success
APD/2013/page_32.pdf-1,what was the percentual increase of other income due to favorable foreign exchange and reimbursements in 2011?,11.46%,"divide(5.4, 47.1)",percentage_change,difference|margin|ratio,divide,divide,True,2,2,1.0,2,1.0,48,36,26,192,True,True,True,True,success
RSG/2017/page_138.pdf-1,in 2017 what was the debt to equity based on the 2017 actual asset allocation,2.33,"divide(70, 30)",direct_lookup,,divide,divide,False,2,2,1.0,2,1.0,19,17,7,0,False,False,False,False,operation_schema
MS/2017/page_74.pdf-2,what percentage of average common equity attribution in 2016 is made up of institutional securities?,63%,"divide(43.2, 68.9)",margin,average|table_average|ratio,divide,divide,True,2,2,1.0,2,1.0,41,27,20,192,True,True,True,True,success
HII/2017/page_47.pdf-2,what was the return on total assets during 2014?,5.4%,"divide(338, 6239)",direct_lookup,sum|table_sum,divide,divide,False,2,2,1.0,2,1.0,71,48,45,192,False,False,False,False,operation_schema
MS/2014/page_267.pdf-1,what is the net change in shares of common stock outstanding from 2013 to 2014 in millions?,6,"subtract(1951, 1945)",difference,,subtract,subtract,True,2,2,1.0,2,1.0,37,36,20,80,True,True,True,True,success
AMT/2008/page_32.pdf-2,"on february 13 , 2009 what was the market capitalization",11456267981.5,"divide(397097677, 28.85)",product,,divide,divide,False,2,2,1.0,2,1.0,50,48,28,80,False,False,False,True,retrieval_or_bounded_context
MRO/2008/page_69.pdf-4,what was the difference between the high and low aeco natural gas sales index?,$ 5.92,"subtract(11.34, 5.42)",difference,,subtract,subtract,True,2,2,1.0,2,1.0,58,46,25,171,True,True,True,True,success
HOLX/2008/page_144.pdf-2,what portion of the suros acquisition price is paid in cash?,56.0%,"divide(139000, 248100)",margin,ratio,divide,divide,True,2,2,1.0,2,1.0,47,47,25,192,True,True,True,True,success
PNC/2016/page_177.pdf-1,"as of december 31 , 2016 what was the percent of the total commercial lending of the total commitments to extend credit and other commitments",66.05%,"divide(108256, 163897)",margin,sum|table_sum|ratio,divide,divide,True,2,2,1.0,2,1.0,50,48,14,192,True,True,True,True,success
AES/2015/page_117.pdf-3,"what were average proportional recoverable environmental capital expenditures for the years december 31 , 2015 , 2014 and 2013 , in millions?",159.3,"add(205, 163), add(110, #0), divide(#1, const_3)",average,table_average|margin|ratio,add,add|divide,True,3,3,1.0,3,1.0,81,48,39,192,False,False,True,True,bounded_pruning
CDNS/2018/page_31.pdf-1,"what is the total return is $ 100000 are invested in s&p500 on january 1st , 2015 and sold at the end of 2016?",1877,"subtract(129.05, 110.28), divide(100000, const_100), multiply(#1, #0)",sum,table_sum,subtract,subtract|divide|multiply,False,3,2,0.6666666666666666,2,0.6666666666666666,65,48,34,161,False,False,False,False,extraction_or_program_constant
PNC/2018/page_171.pdf-2,what was the percentage increase total commitments to extend credit and other commitments,5.3%,"subtract(181612, 172521), divide(#0, 172521)",percentage_change,sum|table_sum|difference|margin|ratio,subtract,subtract|divide,True,2,2,1.0,2,1.0,44,44,28,192,False,False,False,False,candidate_generation
V/2013/page_41.pdf-1,"for the quarter ended september 30 , 2013 what was the total number of shares purchased in august",89.9%,"divide(6640563, 7385711)",sum,table_sum,divide,divide,False,2,2,1.0,2,1.0,40,39,21,141,False,False,False,False,operation_schema
HOLX/2008/page_142.pdf-2,what portion of the purchasing price is dedicated to net tangible assets?,79.2%,"divide(24800, 31300)",margin,ratio,divide,divide,True,2,1,0.5,1,0.5,24,24,17,192,False,False,True,True,extraction_or_program_constant
JPM/2005/page_37.pdf-2,"without the commercial banking segment , what would 2005 operating income have been reduced to , in us$ m?",9514,"subtract(10521, 1007)",direct_lookup,,subtract,subtract,False,2,2,1.0,2,1.0,61,48,42,0,False,False,False,False,operation_schema
ETFC/2014/page_26.pdf-4,what was the difference in total return percentage beteween e*trade financial corporation and the s&p 500 index for the five years ended 12/14?,-67.33,"subtract(137.81, const_100), divide(#0, const_100), subtract(205.14, const_100), divide(#2, const_100), subtract(#1, #3)",difference,sum|table_sum|percentage_change|margin|ratio,subtract,subtract|divide,True,2,2,1.0,2,1.0,23,23,17,192,False,False,True,True,bounded_pruning
JPM/2009/page_133.pdf-2,"if there were a 100bp rise in rates , how much more would the impact be on earnings in 2009 vs . 2008?\\n",1226,"subtract(672, -554)",difference,,subtract,subtract,True,2,2,1.0,2,1.0,34,30,12,63,False,False,False,False,candidate_generation
MRO/2007/page_134.pdf-3,what was the average expected life of the options for the three year period?,5.2,"table_average(expected life in years, none)",average,table_average,table_average,table_average,True,0,0,,0,,71,48,28,192,True,True,True,True,success
BLK/2012/page_37.pdf-1,what is the long-term retail/hnw in americas as a percentage of the total long-term retail/hnw?,73.9%,"divide(298024, 403484)",margin,sum|table_sum|ratio,divide,divide,True,2,2,1.0,2,1.0,77,48,30,192,True,True,True,True,success
ETR/2008/page_321.pdf-1,"what is the annual interest expense for entergy louisiana incurred from the series first mortgage bonds due september 2018 , in millions?",19.5,"multiply(300, 6.50%)",direct_lookup,,multiply,multiply,False,2,2,1.0,2,1.0,20,19,12,0,False,False,False,False,operation_schema
C/2008/page_211.pdf-2,in 2008 what was the carrying amount reported on the consolidated balance sheet to aggregate unpaid principal balance in excess of fair value of the trading assets,2.5,"divide(16254, 6501)",direct_lookup,,divide,divide,False,2,2,1.0,2,1.0,69,48,24,0,False,False,False,False,operation_schema
AES/2003/page_52.pdf-1,for the three months ended march 2003 what were the total sales proceeds for subsidiaries assets in millions?,613.0,"add(495, 59), add(#0, 30), add(#1, 29)",sum,table_sum,add,add,True,4,4,1.0,4,1.0,41,25,12,54,False,False,False,False,candidate_generation
STZ/2006/page_68.pdf-4,goodwill was what percent of the mondavi acquisition?\\n,34.3%,"divide(634203, 1848575)",margin,ratio,divide,divide,True,2,2,1.0,2,1.0,45,45,26,192,True,True,True,True,success
JPM/2014/page_65.pdf-1,what is the total return of the jpmorgan chase & co . stock over the above refernced five year period?,67.48%,"subtract(167.48, const_100), divide(#0, const_100)",sum,table_sum,subtract,subtract|divide,False,1,1,1.0,1,1.0,42,36,26,192,False,False,False,False,operation_schema
NKE/2016/page_37.pdf-2,what percentage of long-term debt is due after 2021?,89%,"divide(3365, 3774)",margin,ratio,divide,divide,True,2,2,1.0,2,1.0,126,48,32,192,False,False,False,True,retrieval_or_bounded_context
L/2015/page_59.pdf-3,what was the overall growth of the s&p 500 index from 2010 to 2015,80.75%,"subtract(180.75, 100.0), divide(#0, const_100)",direct_lookup,sum|average|difference,subtract,subtract|divide,True,2,2,1.0,2,1.0,33,32,21,192,False,False,False,False,candidate_generation
HOLX/2007/page_129.pdf-2,what portion of the total acquisition price of suros is dedicated to goodwill?,75.6%,"divide(202000, 267100)",margin,sum|table_sum|ratio,divide,divide,True,2,2,1.0,2,1.0,24,24,18,192,False,False,True,True,bounded_pruning
LKQ/2016/page_26.pdf-1,what was the percentage cumulative return for lkq corporation for the five years ended 12/31/2016?,104%,"subtract(204, 100), divide(#0, 100)",indexed_return,margin|ratio|difference,subtract,subtract|divide,True,2,2,1.0,2,1.0,27,24,13,192,True,True,True,True,success
VRTX/2003/page_71.pdf-1,what percent of the total common stock plans are related to the vertex purchase plan?,1.1%,"divide(249, 22203)",margin,sum|table_sum|ratio,divide,divide,True,2,2,1.0,2,1.0,20,20,10,192,True,True,True,False,success
PNC/2011/page_87.pdf-1,"based upon outstanding balances at december 31 , 2011 what was the percent of the principal and interest product of the combined products",23%,"add(904, 266), divide(266, #0)",sum,table_sum|margin|ratio,add,add|divide,True,2,2,1.0,2,1.0,54,43,17,192,False,False,False,False,candidate_generation
GS/2012/page_165.pdf-3,"for miscellaneous receivables and other assets , what was the percentage that represented assets related to the firm 2019s reinsurance business which were classified as held for sale as of december 2012?",3.464,"divide(20234, const_1000), subtract(#0, 16.77)",direct_lookup,margin|ratio,divide,divide|subtract,True,2,2,1.0,2,1.0,50,48,34,192,False,False,False,False,candidate_generation
JPM/2018/page_110.pdf-1,what is the average of the afs investment securities during the years 2016-2018?,221866,"add(228681, 200247), add(#0, 236670), divide(#1, const_3)",average,table_average,add,add|divide,True,3,3,1.0,3,1.0,99,48,22,192,True,True,True,True,success
PNC/2011/page_78.pdf-3,"between december 31 , 2011 and december 31 , 2010 , what was the change in the unpaid principal balance outstanding of loans sold as a participant in these programs in billions?",0.2,"subtract(13.2, 13.0)",difference,,subtract,subtract,True,2,2,1.0,2,1.0,34,29,6,121,True,True,True,True,success
ILMN/2007/page_78.pdf-3,what was the percentage change in revenue on a pro forma basis between 2006 and 2007?,96%,"subtract(366854, 187103), divide(#0, 187103)",percentage_change,difference|margin|ratio,subtract,subtract|divide,True,2,2,1.0,2,1.0,26,23,16,192,True,True,True,True,success
PM/2017/page_99.pdf-2,what is the growth rate of the net earnings for basic and diluted eps?,-13.3%,"subtract(6021, 6948), divide(#0, 6948)",percentage_change,,subtract,subtract|divide,True,2,2,1.0,2,1.0,31,31,21,192,True,True,True,True,success
EW/2016/page_94.pdf-2,what is the percentage difference in the fair value per share between 2014 and 2015?,54%,"subtract(18.13, 11.75), divide(#0, 11.75)",difference,percentage_change|margin|ratio,subtract,subtract|divide,True,2,2,1.0,2,1.0,35,27,21,192,False,False,False,True,retrieval_or_bounded_context
HWM/2016/page_40.pdf-1,what is the average price per share of the company 2019s common stock in the third quarter of 2016?,30,"add(32.91, 27.09), divide(#0, const_2)",average,table_average,add,add|divide,True,2,2,1.0,2,1.0,61,48,25,192,True,True,True,False,success
PM/2018/page_24.pdf-3,what was the percentage return for pmi common stock for the five years ended 2018?,-3.5%,"subtract(96.50, const_100), divide(#0, const_100)",direct_lookup,margin|ratio,subtract,subtract|divide,True,1,1,1.0,1,1.0,37,37,23,188,False,False,True,True,bounded_pruning
IP/2005/page_35.pdf-2,"what is the change in total debt to be repaid in the contractual obligations for future payments under existing debt and lease commitments and purchase obligations at december 31 , 2005 between 2008 and 2007?",-262,"subtract(308, 570)",sum,table_sum|difference,subtract,subtract,True,2,2,1.0,2,1.0,58,44,36,192,False,False,False,False,candidate_generation
UPS/2006/page_32.pdf-4,"for the five years ended 12/31/2006 what is the performance difference of the class b common stock of united parcel service , inc . and the dow jones transportation average?",-33.84%,"subtract(148.92, const_100), subtract(182.76, const_100), subtract(#0, #1)",average,table_average|difference|table_max|table_min,subtract,subtract,True,2,2,1.0,2,1.0,45,43,11,192,False,False,False,False,candidate_generation
AAL/2015/page_118.pdf-2,what were total operating expenses as a percentage of revenue in 2013?,93.8%,"subtract(40678, 2526), divide(#0, 40678)",margin,sum|table_sum|ratio,subtract,subtract|divide,True,2,2,1.0,2,1.0,20,17,3,100,True,True,True,True,success
ETR/2004/page_213.pdf-3,"what is the net change in net revenue during 2003 for entergy louisiana , inc.?",50.8,"subtract(973.7, 922.9)",difference,,subtract,subtract,True,2,2,1.0,2,1.0,40,33,7,192,True,True,True,True,success
CME/2010/page_42.pdf-1,"for the chicago headquarters lease , assuming the two options to extend the term are exercised , what is the last year the space can be leased?",2041.0,"add(2022, const_9), add(#0, const_10)",direct_lookup,,add,add,False,1,1,1.0,1,1.0,118,48,28,0,False,False,False,False,operation_schema
ETFC/2013/page_26.pdf-1,"at december 31 , 2013 what was the percent of square feet of our office in alpharetta , georgia not leased",65%,"divide(165000, 254000)",direct_lookup,margin|ratio,divide,divide,True,2,2,1.0,2,1.0,31,28,19,192,True,True,True,True,success
LMT/2010/page_42.pdf-1,"what was the percentage change in capital expenditures for property , plant and equipment from 2009 to 2010?",-4%,"subtract(820, 852), divide(#0, 852)",percentage_change,difference|margin|ratio,subtract,subtract|divide,True,2,2,1.0,2,1.0,93,48,36,192,False,False,False,False,candidate_generation
TSCO/2017/page_31.pdf-1,what was the percentage growth in the stock price performance for tractor supply company from 2012 to 2013,74.14%,"subtract(174.14, 100.00), divide(#0, 100.00)",percentage_change,margin|ratio,subtract,subtract|divide,True,2,2,1.0,2,1.0,30,30,7,192,True,True,True,True,success
C/2008/page_211.pdf-4,what was the ratio of the total loss due to instrument-specific credit risk for 2008 to 2007,0.2,"divide(38, 188)",ratio,sum|table_sum,divide,divide,True,2,2,1.0,2,1.0,69,48,10,192,False,False,True,True,bounded_pruning
FRT/2005/page_117.pdf-2,what is the increase observed in the balance at the end of the year during 2005 and 2004?,11.49%,"divide(663750000, 595338000), subtract(#0, const_1)",direct_lookup,difference|sum|average,divide,divide|subtract,True,2,2,1.0,2,1.0,17,17,13,192,False,False,False,False,candidate_generation
ETFC/2011/page_82.pdf-3,"as of december 31 , what was percent of the capital markets goodwill to the total",7.4%,"divide(142.4, 1934.2)",margin,sum|table_sum|ratio,divide,divide,True,2,2,1.0,2,1.0,10,10,3,147,False,False,False,False,candidate_generation
UNP/2007/page_65.pdf-1,"as of as of december 31 , 2007 what was the percent of the total debt maturities that was due in 2009",7.1%,"divide(542, 7680)",margin,sum|table_sum|ratio,divide,divide,True,2,2,1.0,2,1.0,53,48,13,192,False,False,False,False,candidate_generation
ETR/2002/page_86.pdf-1,what is the percent change in annual long-term debt maturities ( excluding lease obligations ) and annual cash sinking fund requirements for debt outstanding from 2005 to 2004?,71.2%,"subtract(925005, 540372), divide(#0, 540372)",percentage_change,difference|margin|ratio,subtract,subtract|divide,True,2,2,1.0,2,1.0,49,41,15,192,True,True,True,True,success
CAT/2017/page_85.pdf-2,what was the growth rate of maximum exposure to loss from vies from 2016 to 2017?,-42%,"subtract(412, 716), divide(#0, 716)",table_max,,subtract,subtract|divide,False,2,2,1.0,2,1.0,35,31,19,9,False,False,False,False,operation_schema
AES/2017/page_175.pdf-1,"what percent of the receivable balances in puerto rico as of december 31 , 2017 was current?",38%,"subtract(86, 53), divide(#0, 86)",margin,ratio,subtract,subtract|divide,True,2,2,1.0,2,1.0,42,39,21,192,False,False,False,False,candidate_generation
HII/2014/page_69.pdf-2,what portion of total backlog is related to newport news segment?,50.6%,"divide(9133, 18038)",margin,sum|table_sum|ratio,divide,divide,True,2,2,1.0,2,1.0,85,48,24,192,False,False,False,False,candidate_generation
VTR/2007/page_47.pdf-4,what was the value of the treasury stock as of december 312007,643822.11,"multiply(14669, 43.89)",direct_lookup,,multiply,multiply,False,2,2,1.0,2,1.0,32,27,17,0,False,False,False,False,operation_schema
AAL/2015/page_118.pdf-1,on december 312013 what was the net profit margin,6.2%,"divide(2526, 40678)",margin,ratio,divide,divide,True,2,2,1.0,2,1.0,20,20,6,115,True,True,True,True,success
CNP/2010/page_31.pdf-2,"considering the state of minnesota , what is the percentage of commercial/industrial customers concerning the total customers?",8.36%,"divide(67489, 806357)",direct_lookup,sum|table_sum|margin|ratio,divide,divide,True,2,2,1.0,2,1.0,57,48,31,191,False,False,True,True,bounded_pruning
LMT/2015/page_99.pdf-3,what was the change in millions of total long-term debt net from 2014 to 2015?,9119,"subtract(15261, 6142)",sum,table_sum|difference,subtract,subtract,True,2,2,1.0,2,1.0,125,48,36,192,True,True,True,True,success
HUM/2017/page_133.pdf-2,"what was the number of shares of stockholders of record on december 29 , 2017 in millions",137.5,"divide(55, 0.40)",direct_lookup,,divide,divide,False,2,2,1.0,2,1.0,65,48,29,0,False,False,False,False,operation_schema
JPM/2013/page_209.pdf-3,"what were net trading assets from derivatives in 2012 , in millions?",9582.0,"subtract(85744, 76162)",direct_lookup,,subtract,subtract,False,2,2,1.0,2,1.0,27,17,15,0,False,False,False,False,operation_schema
JPM/2005/page_37.pdf-3,"without the asset & wealth management segment in 2015 , what would total operating income have been in us$ millions?",9305,"subtract(10521, 1216)",direct_lookup,sum|table_sum,subtract,subtract,False,2,2,1.0,2,1.0,61,48,42,192,False,False,False,False,operation_schema
EW/2016/page_79.pdf-2,how much goodwill does the company have as a % (  % ) of current assets?,921%,"divide(258.9, 28.1)",direct_lookup,,divide,divide,False,2,1,0.5,1,0.5,21,19,14,0,False,False,False,False,extraction_or_program_constant
ZBH/2003/page_40.pdf-2,what was the difference in operating profit for europe as a percentage of net sales between 2001 and 2003?,6.8%,"subtract(26.3, 19.5)",margin,difference|percentage_change|ratio,subtract,subtract,True,2,2,1.0,2,1.0,77,48,21,192,True,True,True,True,success
EW/2016/page_79.pdf-3,what is the current ratio?,-0.85,"divide(28.1, -32.9)",ratio,,divide,divide,True,2,1,0.5,1,0.5,21,18,14,192,False,False,False,False,extraction_or_program_constant
DISH/2013/page_138.pdf-2,what is the tax expense related to discontinued operations in 2012?,25,"subtract(62, 37)",direct_lookup,,subtract,subtract,False,2,2,1.0,2,1.0,43,40,26,0,False,False,False,False,operation_schema
UNP/2011/page_21.pdf-2,"for all of 2011 , approximately how much was spent on stock repurchases?",14739445000,"multiply(15340810, 96.08)",direct_lookup,,multiply,multiply,False,2,2,1.0,2,1.0,37,36,24,0,False,False,False,False,operation_schema
PM/2018/page_24.pdf-1,what is the roi of an investment in pmi from 2013 to 2014?,2.1%,"subtract(97.90, const_100), divide(#0, const_100)",percentage_change,,subtract,subtract|divide,True,1,1,1.0,1,1.0,37,37,25,88,True,True,True,True,success
ETR/2013/page_118.pdf-4,what are the lease obligations to entergy louisiana as a percentage of long-term debt maturities in 2014?,38.7%,"divide(385373, const_1000), divide(149, #0)",margin,ratio,divide,divide,True,2,2,1.0,2,1.0,46,40,20,192,True,True,True,True,success
APD/2016/page_39.pdf-2,"considering the years 2014-2016 , what is the lowest interest incurred observed?",148.4,"table_min(interest incurred, none)",table_min,,table_min,table_min,True,0,0,,0,,72,48,31,6,True,True,True,True,success
AAP/2011/page_28.pdf-1,"what is the roi of an investment in advance auto parts from 2006 to january 3 , 2009?",-2.7%,"subtract(97.26, const_100), divide(#0, const_100)",percentage_change,,subtract,subtract|divide,True,1,1,1.0,1,1.0,69,48,22,162,False,False,False,False,candidate_generation
C/2008/page_102.pdf-1,"at december 31 , 2008 what was the ratio of the tier 2 capital compared to 2007",0.94,"subtract(108.4, 71.0), subtract(121.6, 82.0), divide(#0, #1)",ratio,,subtract,subtract|divide,True,4,4,1.0,4,1.0,86,48,13,179,True,True,True,False,success
IPG/2015/page_48.pdf-3,"what is the total difference , in millions , in 2015 between a 10% ( 10 % ) increase and 10% ( 10 % ) decrease in interest rates?",78.4,"add(34.7, 33.7)",sum,table_sum|difference|percentage_change,add,add,True,2,1,0.5,1,0.5,46,44,14,192,False,False,False,False,extraction_or_program_constant
MRO/2011/page_73.pdf-4,how much was cost of good sold in 2009?,$ 108 million,"subtract(188, 80)",direct_lookup,,subtract,subtract,False,2,2,1.0,2,1.0,58,48,32,0,False,False,False,False,operation_schema
IP/2005/page_19.pdf-2,what was the change in industry segment operating profits between 2003 and 2004?,306,"subtract(2040, 1734)",difference,,subtract,subtract,True,2,2,1.0,2,1.0,51,44,35,120,True,True,True,True,success
IPG/2015/page_37.pdf-1,what is the percentage increase from 2014-2015 in total cash flow data?,2.04%,"subtract(848.2, 831.2), divide(#0, 831.2), multiply(#1, const_100)",percentage_change,sum|table_sum|difference|margin|ratio,subtract,subtract|divide|multiply,True,2,2,1.0,2,1.0,44,44,29,192,False,False,False,True,retrieval_or_bounded_context
STT/2009/page_73.pdf-2,what is the amortized cost as a percent of the fair value of the securities in 2009?,103%,"divide(74843, 72699)",direct_lookup,margin|ratio,divide,divide,True,2,2,1.0,2,1.0,32,31,21,192,True,True,True,True,success
MO/2012/page_44.pdf-1,what are the higher charges related to tobacco and health judgments as a percentage of the operating companies income increase?,73.1%,"divide(87, 119)",margin,difference|percentage_change|ratio,divide,divide,True,2,2,1.0,2,1.0,111,48,29,192,True,True,True,True,success
MRO/2017/page_111.pdf-3,"what would end of year proven reserves be without the increase for extensions , discoveries , and other additions , in mmboe?",489,"subtract(546, 57)",direct_lookup,difference,subtract,subtract,True,2,2,1.0,2,1.0,66,48,28,185,True,True,True,False,success
DRE/2007/page_59.pdf-1,what was the ratio of the debts to the assets in the purchase transaction,17.8%,"add(5829, 148527), divide(#0, 867558)",ratio,,add,add|divide,True,3,1,0.3333333333333333,1,0.3333333333333333,33,30,26,192,False,False,False,False,extraction_or_program_constant
AMT/2005/page_85.pdf-2,what percentage of long-term financing was classified as current at the end of 2005?,4%,"divide(162153, 3613429)",margin,ratio,divide,divide,True,2,1,0.5,1,0.5,42,40,30,192,False,False,False,False,extraction_or_program_constant
CME/2017/page_97.pdf-2,in 2017 what was the percent of the common stock authorized that was issued and outstanding for the class a common stock,33.9%,"divide(339235, 1000000)",direct_lookup,margin|ratio,divide,divide,True,2,2,1.0,2,1.0,32,31,14,119,False,False,False,False,candidate_generation
LMT/2005/page_40.pdf-1,what percent of total commitments expire in less than 1 year?,82%,"divide(2505, 3066)",margin,sum|table_sum|ratio,divide,divide,True,2,2,1.0,2,1.0,65,48,13,192,True,True,True,True,success
EW/2017/page_82.pdf-1,what percentage of the total purchase price net of cash acquired is goodwill?,78%,"divide(142.1, 182.2)",margin,sum|table_sum|ratio,divide,divide,True,2,2,1.0,2,1.0,26,26,17,192,True,True,True,True,success
CDNS/2012/page_30.pdf-3,what is the roi of nasdaq composite from 2008 to 2012?,10.8%,"subtract(110.78, const_100), divide(#0, const_100)",percentage_change,,subtract,subtract|divide,True,1,1,1.0,1,1.0,50,48,29,192,True,True,True,True,success
ETR/2011/page_324.pdf-2,in december 2011 what was the ratio of the receivables to the credit facility outstanding,2368.3,"divide(118415, 50)",ratio,,divide,divide,True,2,1,0.5,1,0.5,43,30,15,192,False,False,False,False,extraction_or_program_constant
BLK/2014/page_119.pdf-2,what is the fair value of all notes due by 2019 ? in millions $ .,2672,"add(753, 785), add(1134, #0)",direct_lookup,,add,add,False,3,3,1.0,3,1.0,140,48,37,0,False,False,False,False,operation_schema
ETR/2002/page_86.pdf-2,in 2002 what was the ratio of the annual cash sinking fund requirements for debt outstanding that was due in 2004 to 2005,1.7,"divide(925005, 540372)",ratio,,divide,divide,True,2,2,1.0,2,1.0,49,43,19,192,False,False,False,False,candidate_generation
HII/2014/page_69.pdf-1,what portion of total backlog is related to ingalls segment?,49.4%,"divide(8905, 18038)",margin,sum|table_sum|ratio,divide,divide,True,2,2,1.0,2,1.0,85,48,29,192,False,False,False,False,candidate_generation
BLL/2007/page_47.pdf-4,"what is the number of shares outstanding based on the cash dividends paid during 2006 , in millions?",102.5,"divide(40, const_100), divide(41, #0)",direct_lookup,,divide,divide,False,2,2,1.0,2,1.0,108,48,32,0,False,False,False,False,operation_schema
MS/2017/page_74.pdf-1,what percentage of average common equity attribution in 2017 is made up of institutional securities?,58%,"divide(40.2, 69.8)",margin,average|table_average|ratio,divide,divide,True,2,2,1.0,2,1.0,41,39,21,192,False,False,True,True,bounded_pruning
STT/2011/page_83.pdf-2,what was the percentage change in the fair value from 2010 to 2011,21.9%,"subtract(99832, 81881), divide(#0, 81881)",percentage_change,difference|margin|ratio,subtract,subtract|divide,True,2,2,1.0,2,1.0,40,40,19,192,True,True,True,True,success
ETFC/2014/page_26.pdf-3,what was the ratio of the s&p index to the e*trade financial corporation cumulative total return to a holder of the company 2019s common stock compared as of 2014,1.5,"divide(205.14, 137.81)",indexed_return,sum|table_sum|difference,divide,divide,False,2,2,1.0,2,1.0,23,23,18,192,False,False,False,False,operation_schema
AMT/2010/page_34.pdf-3,"what is the average number of shares per registered holder as of february 11 , 2011?",858775,"divide(397612895, 463)",average,table_average,divide,divide,True,2,2,1.0,2,1.0,36,35,24,192,False,False,False,True,retrieval_or_bounded_context
MS/2014/page_292.pdf-1,"for us federal purposes , how many years are currently involved in irs controversies?",9,"subtract(2008, 1999)",direct_lookup,,subtract,subtract,False,2,2,1.0,2,1.0,65,47,32,0,False,False,False,False,operation_schema
ETFC/2014/page_26.pdf-1,what was the percent of the return on the e*trade financial corporation common stock from 2009 to 2014,37.81%,"subtract(137.81, const_100), divide(#0, const_100)",direct_lookup,margin|ratio|sum|average|difference,subtract,subtract|divide,True,1,1,1.0,1,1.0,23,23,17,186,True,True,True,True,success
UNP/2011/page_21.pdf-1,for the 4th quarter of 2011 approximately how much was spent on stock repurchases?,384491910,"multiply(3915795, 98.19)",direct_lookup,,multiply,multiply,False,2,2,1.0,2,1.0,37,35,24,0,False,False,False,False,operation_schema
ETR/2011/page_341.pdf-2,what was the percentage change in net revenue in 2011,3.5%,"add(18.9, -0.3), add(#0, 536.7)",percentage_change,difference|margin|ratio,add,add,False,3,3,1.0,3,1.0,27,26,8,192,False,False,False,False,operation_schema
C/2017/page_328.pdf-2,as of 2017 what was the ratio of the overall five-year cumulative total return for s&p 500 compared to citi,1.16,"subtract(193.5, const_100), subtract(208.1, const_100), divide(#1, #0)",indexed_return,sum|table_sum|difference,subtract,subtract|divide,True,2,2,1.0,2,1.0,41,41,25,192,False,False,False,False,candidate_generation
JPM/2014/page_65.pdf-3,based o n the review of the simultaneous investments of the jpmorgan chase common stock in the various index what was the ratio of the performance in the kbw bank index to the s&p financial index in 2010,1.1,"divide(123.36, 112.13)",ratio,,divide,divide,True,2,2,1.0,2,1.0,42,42,26,192,True,True,True,True,success
HIG/2008/page_318.pdf-2,what is the weight of the property&casualty operations relative to the total statutory capital?,43.64%,"divide(6012, 13777)",ratio,sum|table_sum,divide,divide,True,2,2,1.0,2,1.0,44,35,13,192,False,False,False,False,candidate_generation
APD/2014/page_39.pdf-2,what was the operating margin for 2012?,10.61%,"divide(44.6, 420.1)",margin,ratio,divide,divide,True,2,2,1.0,2,1.0,113,48,29,192,True,True,True,True,success
JPM/2008/page_85.pdf-2,what was jpmorgan chase & co's tier 2 capital ratio ( cet2 ) ratio in 2008?,3.91%,"divide(48616, 1244659)",ratio,,divide,divide,True,2,2,1.0,2,1.0,32,30,22,192,False,False,False,False,candidate_generation
GPN/2009/page_70.pdf-1,"what is the average yearly amortization expense related to contract-based intangible assets , ( in thousands ) ?",103.1,"divide(1031, const_10)",average,table_average,divide,divide,True,1,1,1.0,1,1.0,33,22,20,192,False,False,False,False,candidate_generation
ADBE/2018/page_86.pdf-3,what is the percentage change in total gross amount of unrecognized tax benefits from 2016 to 2017?,-3.1%,"subtract(172945, 178413), divide(#0, 178413)",percentage_change,sum|table_sum|difference|margin|ratio,subtract,subtract|divide,True,2,2,1.0,2,1.0,47,42,30,192,False,False,True,True,bounded_pruning
JPM/2007/page_147.pdf-2,how much of the securitizations that hold asf framework loans were issued by third parties?,98%,"divide(19636, 20048)",direct_lookup,,divide,divide,False,2,2,1.0,2,1.0,43,42,16,0,False,False,False,False,operation_schema
AON/2009/page_48.pdf-1,what was the percent of the change in the consulting segment revenue from 2008 2009\\n,-6.6%,"subtract(1267, 1356), divide(#0, 1356)",difference,percentage_change|margin|ratio,subtract,subtract|divide,True,2,2,1.0,2,1.0,42,41,24,192,False,False,False,False,candidate_generation
ETR/2008/page_355.pdf-3,what is the net change in net revenue during 2008?,21.7,"subtract(252.7, 231.0)",difference,,subtract,subtract,True,2,2,1.0,2,1.0,43,38,13,192,True,True,True,True,success
APD/2019/page_48.pdf-1,what is the average cash provided by the operating activities during 2018 and 2019?,2758.55,"table_average(operating activities, none)",average,table_average,table_average,table_average,True,0,0,,0,,44,42,27,192,True,True,True,True,success
MRO/2006/page_33.pdf-2,"in tpd , what were total matching buy/sell volumes in 2006 , 2005 and 2004?",172,"add(24, 77), add(#0, 71)",sum,table_sum,add,add,True,3,3,1.0,3,1.0,86,48,40,160,False,False,False,True,retrieval_or_bounded_context
JPM/2007/page_33.pdf-2,what was the percentage change in investment banking fees from 2006 to 2007?,20%,"subtract(6635, 5520), divide(#0, 5520)",percentage_change,difference|margin|ratio,subtract,subtract|divide,True,2,2,1.0,2,1.0,87,48,38,192,False,False,False,False,candidate_generation
JPM/2013/page_209.pdf-1,in 2013 what was the net trading assets 2013 derivative receivables to the trading liabilities 2013 derivative payable,8076,"subtract(72629, 64553)",direct_lookup,,subtract,subtract,False,2,2,1.0,2,1.0,27,19,15,0,False,False,False,False,operation_schema
ETR/2002/page_24.pdf-4,what is the percent change in operating revenues from 2001 to 2002?,192%,"multiply(1.2, const_1000), subtract(#0, 411.0), divide(#1, 411.0)",percentage_change,difference|margin|ratio,multiply,multiply|subtract|divide,True,2,2,1.0,2,1.0,61,48,26,192,False,False,False,True,retrieval_or_bounded_context
EW/2016/page_94.pdf-3,what is the percentage difference in the fair value per share between 2015 and 2016?,71%,"subtract(31, 18.13), divide(#0, 18.13)",difference,percentage_change|margin|ratio,subtract,subtract|divide,True,2,2,1.0,2,1.0,35,27,21,192,True,True,True,True,success
C/2010/page_223.pdf-1,"at december 31 , 2010 what was the percent of the net allowance to the the carrying amount of the company 2019s purchased distressed loan portfolio",19.6%,"divide(77, 392)",direct_lookup,margin|ratio,divide,divide,True,2,2,1.0,2,1.0,40,40,27,192,False,False,False,True,retrieval_or_bounded_context
ABMD/2009/page_88.pdf-2,"what was the average payment per year for the state tax settlement , in millions?",56,"divide(168, const_3)",average,table_average,divide,divide,True,1,0,0.0,0,0.0,53,40,18,191,False,False,False,False,extraction_or_program_constant
AES/2017/page_157.pdf-4,what percentage was andes sbu of total revenue in 2017?,26%,"divide(2710, 10530)",direct_lookup,sum|table_sum|margin|ratio,divide,divide,True,2,2,1.0,2,1.0,61,48,36,192,False,False,False,False,candidate_generation
HII/2017/page_124.pdf-4,what is the combined number of equity compensation plans approved by security holders,4536446,"add(448859, 4087587)",sum,table_sum,add,add,True,2,2,1.0,2,1.0,37,35,6,49,True,True,True,True,success
ETR/2013/page_118.pdf-3,"what amount of long-term debt is due in the next 24 months for entergy corporation as of december 31 , 2013 , in millions?",1495.9,"add(385373, 1110566), divide(#0, const_1000)",direct_lookup,,add,add|divide,False,2,2,1.0,2,1.0,46,34,20,0,False,False,False,False,operation_schema
HOLX/2008/page_142.pdf-1,what portion of the purchasing price is dedicated to goodwill?,18.5%,"divide(5800, 31300)",margin,ratio,divide,divide,True,2,2,1.0,2,1.0,24,24,17,192,True,True,True,True,success
IPG/2008/page_93.pdf-3,what is the total percentage decrease in future contingent acquisition obligations payable in cash from 2009-2013?,1.56%,"subtract(76.7, 75.6), divide(#0, 76.7), multiply(#1, const_100)",percentage_change,sum|table_sum|difference|margin|ratio,subtract,subtract|divide|multiply,True,2,2,1.0,2,1.0,54,48,34,192,False,False,False,False,candidate_generation
BLL/2007/page_47.pdf-3,"what is the number of shares outstanding based on the cash dividends paid during 2006 , in millions?",102.5,"divide(40, const_100), divide(41, #0)",direct_lookup,,divide,divide,False,2,2,1.0,2,1.0,108,48,32,0,False,False,False,False,operation_schema
HOLX/2012/page_113.pdf-1,what portion of the gen-probe's purchase price is paid in cash?,99.9%,"divide(3967866, 3972176)",margin,ratio,divide,divide,True,2,1,0.5,1,0.5,57,48,22,192,True,True,True,True,success
HUM/2017/page_133.pdf-3,what was the number of shares issued in 2015 in millions,149,"divide(170, 1.14)",direct_lookup,,divide,divide,False,2,2,1.0,2,1.0,65,48,29,0,False,False,False,False,operation_schema
ETR/2008/page_249.pdf-2,what percentage of entergy's total employees are employed in entergy mississippi?,5.6%,"divide(828, 14669)",margin,sum|table_sum|ratio,divide,divide,True,2,2,1.0,2,1.0,15,15,13,192,False,False,False,False,candidate_generation
AON/2009/page_46.pdf-3,what was the percent of the change in the risk and insurance brokerage services segment revenue from 2008 2009\\n,1.7%,"subtract(6305, 6197), divide(#0, 6197)",difference,percentage_change|margin|ratio,subtract,subtract|divide,True,2,2,1.0,2,1.0,29,23,10,192,True,True,True,True,success
LKQ/2018/page_83.pdf-1,what is the change in the warranty reserve from 2017 to 2018?,111,"subtract(23262, 23151)",difference,,subtract,subtract,True,2,2,1.0,2,1.0,38,36,23,101,True,True,True,True,success
PM/2014/page_67.pdf-1,"what was the total of u.s . dollar notes issued in 2014 , in millions?",2000,"add(750, 750), add(#0, 500)",sum,table_sum,add,add,True,2,2,1.0,2,1.0,145,48,23,48,False,False,False,False,candidate_generation
PM/2017/page_38.pdf-2,"what are the net earnings attributable to pmi in the previous year , ( in billions ) ?",7.0,"divide(932, 13.4%), divide(#0, const_1000)",direct_lookup,,divide,divide,False,2,2,1.0,2,1.0,72,48,41,0,False,False,False,False,operation_schema
IPG/2008/page_93.pdf-1,what portion of the total estimated future contingent acquisition obligation is due in the 12 months?,19.3%,"divide(76.7, 397.2)",margin,sum|table_sum|ratio,divide,divide,True,2,2,1.0,2,1.0,54,48,32,192,False,False,False,False,candidate_generation
BLK/2013/page_125.pdf-1,what are the future minimum commitments under the operating leases in 2014 as a percentage of the total future minimum commitments?,10.5%,"divide(135, 1286)",table_min,sum|table_sum|margin|ratio,divide,divide,True,2,2,1.0,2,1.0,40,32,7,192,True,True,True,True,success
AAP/2012/page_12.pdf-1,what is the growth rate in the number of stores during 2012?,3.4%,"subtract(3576, 3460), divide(#0, 3460)",percentage_change,,subtract,subtract|divide,True,2,2,1.0,2,1.0,29,28,18,192,False,False,False,False,candidate_generation
CDNS/2006/page_30.pdf-3,what is the rate of return of an investment in cadence design systems inc from 2001 to 2004?,-18.5%,"subtract(81.52, const_100), divide(#0, const_100)",direct_lookup,sum|average|difference,subtract,subtract|divide,True,1,1,1.0,1,1.0,62,48,34,192,True,True,True,True,success
EW/2016/page_94.pdf-4,what is the percent change in the fair value per share between 2014 and 2016?,163%,"subtract(31, 11.75), divide(#0, 11.75)",percentage_change,difference|margin|ratio,subtract,subtract|divide,True,2,2,1.0,2,1.0,35,27,21,192,True,True,True,False,success
VLO/2018/page_25.pdf-2,as of december 2018 what was the percent of the 2018 program still outstanding,88%,"divide(2.2, 2.5)",direct_lookup,margin|ratio,divide,divide,True,2,2,1.0,2,1.0,45,44,28,192,False,False,False,True,retrieval_or_bounded_context
APD/2014/page_44.pdf-2,"considering the year 2012 , how bigger is the capital expenditures on a non-gaap basis than the one on a gaap basis?",8.53%,"divide(2778.3, 2559.8), subtract(#0, const_1)",direct_lookup,,divide,divide|subtract,False,2,2,1.0,2,1.0,69,48,31,0,False,False,False,False,operation_schema
CME/2012/page_70.pdf-1,what is the percent of available potential to increase the multi-currency line of credit,40%,"subtract(const_7, const_5), divide(#0, const_5)",direct_lookup,difference|percentage_change|margin|ratio,subtract,subtract|divide,True,0,0,,0,,62,48,14,189,False,False,False,True,retrieval_or_bounded_context
BLK/2017/page_122.pdf-2,what percent of the commitments will be due after 2022?,71.62%,"divide(1580, 2206)",margin,ratio,divide,divide,True,2,2,1.0,2,1.0,100,48,22,192,False,False,False,False,candidate_generation
INTC/2013/page_29.pdf-4,of the square feet in the us what was the percent of the owned facility of the us total,92.8%,"divide(29.9, 32.2)",direct_lookup,sum|table_sum|margin|ratio,divide,divide,True,2,2,1.0,2,1.0,35,35,12,191,True,True,True,True,success
ETR/2011/page_324.pdf-1,"what amount of credit facility was paid by entergy louisiana prior to december 31 , 2011 , ( in millions ) ?",150,"subtract(200, 50)",direct_lookup,,subtract,subtract,False,2,2,1.0,2,1.0,43,34,19,0,False,False,False,False,operation_schema
APD/2019/page_31.pdf-1,"considering the year 2019 , what is the contribution of the first quarter in the total dividend?",24.01%,"divide(1.10, 4.58)",direct_lookup,sum|table_sum,divide,divide,False,2,2,1.0,2,1.0,26,24,10,78,False,False,False,False,operation_schema
PNC/2013/page_62.pdf-1,in 2013 what was the change in total residential mortgages in millions?,-864,"subtract(1356, 2220)",difference,sum|table_sum,subtract,subtract,True,2,2,1.0,2,1.0,86,48,28,192,True,True,True,False,success
KHC/2016/page_23.pdf-2,"as of december 31 , 2016 , what percentage of manufacturing and processing facilities are leased?",0.04598,"divide(const_4, 87)",margin,ratio,divide,divide,True,1,1,1.0,1,1.0,29,25,15,192,False,False,False,False,candidate_generation
BLL/2007/page_35.pdf-3,"what is the total amount of cash outflow used for shares repurchased during november 2007 , in millions?",20.7,"multiply(431170, 48.11), divide(#0, const_1000000)",sum,table_sum,multiply,multiply|divide,False,2,2,1.0,2,1.0,52,48,29,50,False,False,False,False,operation_schema
CB/2010/page_200.pdf-1,what is the net change in amount of statutory capital and surplus for bermuda subsidiaries in 2010?,2634,"subtract(11798, 9164)",difference,,subtract,subtract,True,2,2,1.0,2,1.0,51,48,22,192,True,True,True,True,success
MRO/2011/page_73.pdf-2,how much was cost of good sold in 2009?,$ 108 million,"subtract(188, 80)",direct_lookup,,subtract,subtract,False,2,2,1.0,2,1.0,58,48,32,0,False,False,False,False,operation_schema
UNP/2009/page_65.pdf-2,"how many options were issued under the 2001 plan as of december 31 , 2009?",20633770,"subtract(24000000, 3366230)",direct_lookup,sum|average|difference,subtract,subtract,True,2,2,1.0,2,1.0,74,48,26,192,False,False,False,False,candidate_generation
ETFC/2007/page_126.pdf-1,what percentage of total future principal payments of corporate debt are due in 2011?,13%,"divide(453815, 3450152)",margin,sum|table_sum|ratio,divide,divide,True,2,2,1.0,2,1.0,27,24,14,192,False,False,False,False,candidate_generation
AES/2017/page_175.pdf-3,what was the percentage change in revenues from 2016 to 2017 for transactions with related parties?,18%,"subtract(1297, 1100), divide(#0, 1100)",percentage_change,difference|margin|ratio,subtract,subtract|divide,True,2,2,1.0,2,1.0,42,39,19,192,False,False,False,False,candidate_generation
BLL/2007/page_47.pdf-1,"payments to participants in the unfunded german plans are expected to be total approximately how much , in millions , for the years 2008 through 2012?",104,"subtract(2012, 2008), multiply(#0, 26)",sum,table_sum,subtract,subtract|multiply,False,3,3,1.0,3,1.0,108,48,39,63,False,False,False,False,operation_schema
MA/2008/page_126.pdf-1,what is the percentage change in total liabilities for litigation settlements from 2006 to 2007?,-15.2%,"subtract(404436, 476915), divide(#0, 476915)",percentage_change,sum|table_sum|difference|margin|ratio,subtract,subtract|divide,True,2,1,0.5,1,0.5,48,46,26,192,False,False,False,False,extraction_or_program_constant
AWK/2013/page_132.pdf-2,what is the one-percentage-point increase of effect on total of service and interest cost components as a percentage of the effect on other postretirement benefit obligation?,10.2%,"divide(7367, 72238)",margin,sum|table_sum|difference|percentage_change|ratio,divide,divide,True,2,2,1.0,2,1.0,6,6,4,127,True,True,True,True,success
MRO/2007/page_134.pdf-1,by how much did the weighted average exercise price per share increase from 2005 to 2007?,142.4%,"subtract(60.94, 25.14), divide(#0, 25.14)",average,table_average|difference,subtract,subtract|divide,True,2,2,1.0,2,1.0,71,48,26,192,False,False,False,False,candidate_generation
INTC/2013/page_29.pdf-2,"what percentage of major facilities by square footage are leased as of december 28 , 2013?",15%,"divide(8.3, 54.9)",margin,ratio,divide,divide,True,2,2,1.0,2,1.0,35,34,18,192,False,False,True,True,bounded_pruning
MAS/2018/page_35.pdf-1,what was the difference in operating profit margins as adjusted between 2016 and 2017?,.6%,"subtract(15.7%, 15.1%)",difference,margin|ratio,subtract,subtract,True,2,2,1.0,2,1.0,50,48,28,192,True,True,True,True,success
ETR/2015/page_131.pdf-4,what was the sum of the value of the notes entergy issued to nypa with seven and eight annual installments payments\\n,916,"add(const_7, 108), add(20, const_8), add(#0, #1)",sum,table_sum,add,add,True,2,2,1.0,2,1.0,44,28,12,192,False,False,False,False,candidate_generation
VNO/2012/page_84.pdf-2,what was the total five year change in the s&p 500 index?,9,"subtract(109, 100)",sum,table_sum|difference,subtract,subtract,True,2,2,1.0,2,1.0,26,26,15,192,True,True,True,True,success
VTR/2007/page_47.pdf-3,"based on the given average price per share , how much money did the repurchases cost in 2007?",643822.41,"multiply(14669, 43.89)",average,table_average,multiply,multiply,False,2,2,1.0,2,1.0,32,30,11,101,False,False,False,False,operation_schema
UPS/2006/page_32.pdf-2,what was the difference in percentage total cumulative return on investment for united parcel service inc . compared to the s&p 500 index for the five years ended 12/31/06?,13.9%,"subtract(148.92, const_100), divide(#0, const_100), subtract(135.02, const_100), divide(#2, const_100), subtract(#1, #3)",indexed_return,sum|table_sum|difference|percentage_change|margin|ratio,subtract,subtract|divide,True,2,2,1.0,2,1.0,45,45,13,192,False,False,True,False,candidate_generation
HII/2017/page_124.pdf-2,what portion of the equity compensation plan approved by security holders remains available for future issuance?,90.1%,"add(448859, 4087587), divide(4087587, #0)",margin,ratio,add,add|divide,True,2,2,1.0,2,1.0,37,37,13,85,True,True,True,True,success
VRTX/2003/page_71.pdf-2,what percent of the total common stock plans are related to the vertex 401 ( k ) plan?,0.6%,"divide(125, 22203)",margin,sum|table_sum|ratio,divide,divide,True,2,2,1.0,2,1.0,20,20,10,192,False,False,False,False,candidate_generation
GS/2016/page_77.pdf-4,what percentage of total net revenue investing & lending segment is due to equity securities in 2015?,70%,"divide(3781, 5436)",margin,sum|table_sum|ratio,divide,divide,True,2,2,1.0,2,1.0,85,48,35,192,False,False,True,False,candidate_generation
AES/2003/page_52.pdf-2,for the three months ended december 2003 what were the total sales proceeds for subsidiaries assets in millions?,396,"add(145, 23), add(#0, 78), add(#1, 150)",sum,table_sum,add,add,True,4,4,1.0,4,1.0,41,25,11,104,False,False,False,False,candidate_generation
MAS/2012/page_70.pdf-2,what percentage of net goodwill at december 31 2011 is comprised of,10%,"divide(181, 1891)",margin,ratio,divide,divide,True,2,2,1.0,2,1.0,78,48,32,192,False,False,False,True,retrieval_or_bounded_context
AON/2011/page_134.pdf-2,in 2011 what was the percent of risk solutions revenues to the total revenues of aons,60.3%,"divide(6817, 11287)",direct_lookup,sum|table_sum|margin|ratio,divide,divide,True,2,2,1.0,2,1.0,32,32,18,192,True,True,True,True,success
HII/2014/page_69.pdf-3,"what is the anticipated amount of revenues from the of the $ 21 billion total backlog as of december 31 , 2014 , to be converted into sales in 2015 in billions",5.88,"multiply(21, 28%)",sum,table_sum,multiply,multiply,False,2,2,1.0,2,1.0,85,48,31,2,False,False,False,False,operation_schema
DRE/2009/page_56.pdf-1,what was the percent of the decline in net income ( loss ) attributable to common shareholders from 2007 to 2008,-76.2%,"subtract(50408, 211942), divide(#0, 211942)",direct_lookup,margin|ratio|sum|average|difference,subtract,subtract|divide,True,2,2,1.0,2,1.0,61,48,34,191,False,False,False,True,retrieval_or_bounded_context
RCL/2014/page_17.pdf-2,in 2010 what was the percentage of the global cruise guests from the european cruise,29.5%,"divide(5540000, 18800000)",direct_lookup,margin|ratio,divide,divide,True,2,2,1.0,2,1.0,70,48,28,192,True,True,True,True,success
AAL/2015/page_118.pdf-3,what were total operating expenses in 2013?,38152,"subtract(40678, 2526)",direct_lookup,sum|table_sum,subtract,subtract,False,2,2,1.0,2,1.0,20,17,6,11,False,False,False,False,operation_schema
LMT/2015/page_56.pdf-2,what was average net sales for space systems in millions from 2013 to 2015?,9198,"table_average(net sales, none)",average,table_average,table_average,table_average,True,0,0,,0,,66,48,26,192,True,True,True,True,success
PM/2015/page_127.pdf-3,what was the average total accumulated other comprehensive losses from 2013 to 2015 in millions?,-6806,"table_average(total accumulated other comprehensive losses, none)",average,table_average|sum|table_sum,table_average,table_average,True,0,0,,0,,56,48,30,192,True,True,True,True,success
LMT/2012/page_47.pdf-4,what was the average operating profit of the space results from 2010 to 2012,1059,"subtract(1083, 1063), add(#0, 1030), add(#1, const_3), divide(#2, const_2)",average,table_average,subtract,subtract|add|divide,True,3,3,1.0,3,1.0,62,48,24,192,True,True,True,True,success
AAPL/2005/page_83.pdf-1,what was the average effective tax rate for the three year period?,26.7,"table_average(effective tax rate, none)",average,table_average,table_average,table_average,True,0,0,,0,,39,39,23,192,True,True,True,True,success
PM/2014/page_67.pdf-3,what is the exchange rate per dollar used to convert the face value of the euro notes with the maturity date in march 2021?,0.73,"divide(750, 1029)",direct_lookup,,divide,divide,False,2,2,1.0,2,1.0,145,48,22,0,False,False,False,False,operation_schema
ETR/2013/page_118.pdf-2,"what amount of long-term debt is due in the next 36 months for entergy corporation as of december 31 , 2013 , in millions?",1766.8,"add(385373, 1110566), add(#0, 270852), divide(#1, const_1000)",direct_lookup,,add,add|divide,False,3,3,1.0,3,1.0,46,34,20,0,False,False,False,False,operation_schema
HOLX/2007/page_128.pdf-2,what portion of the estimated purchase price of r2 is paid in cash?,3.1%,"divide(6900, 220600)",margin,ratio,divide,divide,True,2,2,1.0,2,1.0,29,29,21,192,False,False,False,False,candidate_generation
GIS/2019/page_37.pdf-1,what portion of the total long-term obligations are incurred from long-term debt?,73.01%,"divide(13093.0, 17932.7)",margin,sum|table_sum|ratio,divide,divide,True,2,2,1.0,2,1.0,58,48,40,192,True,True,True,True,success
IPG/2009/page_85.pdf-1,what was the mathematical range for the postretirement benefit plans?,19.3,"subtract(24.8, 5.5)",direct_lookup,,subtract,subtract,False,2,2,1.0,2,1.0,90,48,44,0,False,False,False,False,operation_schema
RE/2017/page_159.pdf-4,what is the percentage change in the balance of the prudential insurance company of america from 2016 to 2017?,-1.3%,"subtract(144618, 146507), divide(#0, 146507)",percentage_change,difference|margin|ratio,subtract,subtract|divide,True,2,2,1.0,2,1.0,38,25,15,192,True,True,True,True,success
JPM/2018/page_110.pdf-3,in 2017 what was the ratio of the htm investment securities ( period-end ) compared to investment securities portfolio ( period 2013end ),0.19,"divide(47733, 247980)",ratio,,divide,divide,True,2,2,1.0,2,1.0,99,48,22,192,True,True,True,True,success
MRO/2009/page_139.pdf-4,"what was the change in receivables for recoverable costs from certain states , under programs to assist companies in clean-up efforts related to underground storage tanks between december 31 , 2009 and 2008 , in millions?",-1,"subtract(59, 60)",difference,,subtract,subtract,True,2,2,1.0,2,1.0,46,43,22,114,False,False,False,True,retrieval_or_bounded_context
UNP/2014/page_35.pdf-2,what was the cost per car for the buyout of locomotives in 2012?,454545,"multiply(75, const_1000000), divide(#0, 165)",ratio,,multiply,multiply|divide,True,2,2,1.0,2,1.0,46,37,18,192,True,True,True,True,success
RSG/2017/page_142.pdf-1,as part of the employee stock purchase plan what was the percent of the decline in issuance under this plan from 2016 to 2017,-12.4%,"subtract(113941, 130085), divide(#0, 130085)",direct_lookup,margin|ratio|sum|average|difference,subtract,subtract|divide,True,2,2,1.0,2,1.0,58,48,18,189,False,False,False,True,retrieval_or_bounded_context
C/2008/page_211.pdf-3,what was the percentage of carrying amount reported on the consolidated balance sheet trading assets from 2007 to 2008?,-38%,"subtract(16254, 26020), divide(#0, 26020)",direct_lookup,margin|ratio|sum|average|difference,subtract,subtract|divide,True,2,2,1.0,2,1.0,69,48,22,191,False,False,False,False,candidate_generation
AES/2002/page_46.pdf-3,what was the difference in dollars of the high low sale price for the common stock in the third quarter of 2002?,3.05,"subtract(4.61, 1.56)",difference,,subtract,subtract,True,2,2,1.0,2,1.0,29,23,21,192,True,True,True,True,success
UPS/2006/page_32.pdf-3,"for the five years ended 12/31/2006 what is the performance difference of the class b common stock of united parcel service , inc . and the s&p 500 index?",13.9%,"subtract(148.92, const_100), subtract(135.02, const_100), subtract(#0, #1)",difference,,subtract,subtract,True,2,2,1.0,2,1.0,45,43,24,136,False,False,False,False,candidate_generation
NWS/2016/page_61.pdf-1,what on the net interest reduction of 13 million or 23% ( 23 % ) compared to 2015 what was the interest amount in 2016 in millions,69.5,"divide(13, 23%), add(#0, 13)",direct_lookup,sum|average|difference,divide,divide|add,True,2,2,1.0,2,1.0,53,48,19,162,False,False,False,False,candidate_generation
JPM/2014/page_65.pdf-2,what is the total return of the kbw bank index over the above refernced five year period?,89.69%,"subtract(189.69, const_100), divide(#0, const_100)",sum,table_sum,subtract,subtract|divide,False,1,1,1.0,1,1.0,42,35,26,192,False,False,False,False,operation_schema
APD/2016/page_39.pdf-1,"considering the years 2014-2016 , what is the highest interest expense observed?",125.1,"table_max(interest expense, none)",table_max,,table_max,table_max,True,0,0,,0,,72,48,29,6,True,True,True,True,success
IPG/2008/page_93.pdf-2,what is the percentage change in the amount of guarantees from parent company from 2007 to 2008?,-21.8%,"subtract(255.7, 327.1), divide(#0, 327.1)",percentage_change,difference|margin|ratio,subtract,subtract|divide,True,2,2,1.0,2,1.0,54,48,35,192,False,False,False,True,retrieval_or_bounded_context
AMT/2004/page_81.pdf-3,what is the percentage change in amortization expense from from 2007 to 2008?,4.2%,"subtract(95.9, 92.0), divide(#0, 92.0)",percentage_change,difference|margin|ratio,subtract,subtract|divide,True,2,2,1.0,2,1.0,59,48,29,192,False,False,False,False,candidate_generation
AES/2016/page_185.pdf-3,"as of december 31 , 2015 , what was the maximum premium on the dp&l preferred stock?",3%,"subtract(103, const_100), divide(#0, const_100)",table_max,,subtract,subtract|divide,False,1,1,1.0,1,1.0,68,48,13,9,False,False,False,False,operation_schema
ETR/2015/page_131.pdf-2,what was the sum of the annual long-term debt maturities due in five years,4192989,"add(204079, 766451), add(#0, 822690), add(#1, 768588), add(#2, 1631181)",sum,table_sum,add,add,True,5,5,1.0,5,1.0,44,33,15,192,True,True,True,True,success
IPG/2008/page_21.pdf-1,"how much more , in percent , was spent on october shares than november shares?",1229%,"multiply(29704, 5.99), multiply(4468, 3.24), divide(#0, #1), multiply(#2, const_100)",difference,margin|ratio,multiply,multiply|divide,True,4,4,1.0,4,1.0,23,23,10,192,False,False,False,False,candidate_generation
GS/2017/page_106.pdf-1,"in millions , what was the change in the estimated sensitivity to a one basis point increase in credit spreads on financial liabilities for which the fair value option was elected between december 2017 and december 2016?",10,"subtract(35, 25)",difference,,subtract,subtract,True,2,2,1.0,2,1.0,48,43,25,192,True,True,True,True,success
STT/2011/page_83.pdf-3,what is the percent change in fair value between 2010 and 2011?,15.8%,"subtract(99832, 81881), divide(#0, 81881)",percentage_change,difference|margin|ratio,subtract,subtract|divide,True,2,2,1.0,2,1.0,40,40,19,192,False,False,False,False,candidate_generation
APD/2019/page_31.pdf-2,"what is the increase observed in the first quarter dividend percentage concerning the total value , during 2018 and 2019?",1.66%,"divide(1.10, 4.58), divide(.95, 4.25), subtract(#0, #1)",sum,table_sum|difference|percentage_change|margin|ratio,divide,divide|subtract,True,4,4,1.0,4,1.0,26,24,12,182,False,False,False,False,candidate_generation
LMT/2015/page_54.pdf-1,what were average net sales for mfc from 2013 to 2015 in millions?,6886,"table_average(net sales, none)",average,table_average,table_average,table_average,True,0,0,,0,,65,48,28,192,True,True,True,True,success
MRO/2008/page_69.pdf-2,"what was the change in wti crude oil ( dollars per barrel ) between july 3 and december 19 , 2008?",111.42,"subtract(145.29, 33.87)",difference,,subtract,subtract,True,2,2,1.0,2,1.0,58,48,25,192,True,True,True,True,success
JPM/2013/page_209.pdf-2,"in millions for 2013 , what were net trading assets 2013 debt and equity instruments?",262743,"subtract(340449, 77706)",direct_lookup,,subtract,subtract,False,2,2,1.0,2,1.0,27,19,15,0,False,False,False,False,operation_schema
AON/2010/page_115.pdf-3,what was the percentage change in the expenses related to he issuing of stock option in 2009,0.05742,"divide(12, 209)",percentage_change,difference|margin|ratio,divide,divide,True,2,2,1.0,2,1.0,50,48,18,192,False,False,False,False,candidate_generation
AMT/2005/page_105.pdf-4,what portion of total value of net operating loss carryforwards is related to state?,52.8%,"add(2157503, 2418012), divide(2418012, #0)",margin,sum|table_sum|ratio,add,add|divide,True,2,2,1.0,2,1.0,44,44,28,192,False,False,False,False,candidate_generation
IPG/2015/page_37.pdf-2,what is the net change in cash in 2015?,-1.6,"add(674.0, -202.8), add(#0, -472.8)",difference,,add,add,False,3,3,1.0,3,1.0,44,42,24,192,False,False,False,False,operation_schema
LMT/2013/page_74.pdf-3,"what was the change in the weighted average common shares outstanding for diluted computations from 2011 to 2012 , in millions?",-11.5,"subtract(328.4, 339.9)",average,table_average|difference,subtract,subtract,True,2,2,1.0,2,1.0,54,42,28,192,True,True,True,True,success
PM/2017/page_38.pdf-4,what was the percentage change in operating income from 2016 to 2017?,6%,"subtract(11503, 10815), divide(#0, 10815)",percentage_change,difference|margin|ratio,subtract,subtract|divide,True,2,2,1.0,2,1.0,72,48,29,192,False,False,True,True,bounded_pruning
RCL/2014/page_17.pdf-1,what is the mathematical range for european cruise guests from 2010-2014?,995365,"subtract(6535365, 5540000)",direct_lookup,sum|average|difference,subtract,subtract,True,2,2,1.0,2,1.0,70,48,31,192,False,False,False,False,candidate_generation
UNP/2011/page_76.pdf-1,"assuming 2010 accrued casualty costs were completely repaired in the following year , ,what would the repairs and maintenance expense increase to for 2011 in millions?",2525,"multiply(2.2, const_1000), add(325, #0)",direct_lookup,difference|sum|average,multiply,multiply|add,True,2,2,1.0,2,1.0,37,33,24,192,False,False,False,False,candidate_generation
LMT/2006/page_90.pdf-4,"what percentage of future minimum lease commitments at december 31 , 2006 for all operating leases that have a remaining term of more than one year are due in 2008?",23%,"multiply(1.1, const_1000), divide(254, #0)",table_min,margin|ratio,multiply,multiply|divide,True,2,2,1.0,2,1.0,70,48,19,180,False,False,False,True,retrieval_or_bounded_context
AES/2016/page_185.pdf-2,what was the change in millions of ipalco common stock from 2015 to 2016?,158,"subtract(618, 460)",difference,,subtract,subtract,True,2,2,1.0,2,1.0,68,48,24,86,True,True,True,True,success
TSCO/2018/page_34.pdf-2,what was the percentage growth of the stock price performance from 2013 to 2014 for the tractor supply company,4.11%,"subtract(104.11, 100.00), divide(#0, 100.00)",percentage_change,margin|ratio,subtract,subtract|divide,True,2,2,1.0,2,1.0,30,30,7,192,True,True,True,True,success
ABMD/2004/page_26.pdf-1,"for the facility leases that have remaining terms through fiscal 2010 , assuming the annual rent is approximately that of 2003 , what is the remaining total obligation?",4926000,"subtract(2010, 2004), multiply(821000, #0)",direct_lookup,sum|table_sum|average|difference,subtract,subtract|multiply,True,3,3,1.0,3,1.0,56,44,23,189,False,False,False,False,candidate_generation
AES/2017/page_175.pdf-2,"for 2017 , what was net interest expense with related parties , in millions?",-28.0,"subtract(8, 36)",direct_lookup,,subtract,subtract,False,2,2,1.0,2,1.0,42,39,21,0,False,False,False,False,operation_schema
LMT/2016/page_48.pdf-4,what were average operating profit for aeronautics in millions between 2014 and 2016?,1739,"table_average(operating profit, none)",average,table_average,table_average,table_average,True,0,0,,0,,82,48,35,192,True,True,True,True,success
HOLX/2007/page_128.pdf-1,what is the fair value of hologic common stock used for acquiring r2?,46.7,"divide(205500, 4400)",direct_lookup,,divide,divide,False,2,2,1.0,2,1.0,29,25,22,0,False,False,False,False,operation_schema
PNC/2011/page_78.pdf-1,"for december 31 , 2011 and december 31 , 2010 , what was the average unpaid principal balance outstanding of loans sold as a participant in these programs , in billions?",13.1,"add(13.0, 13.2), divide(#0, const_2)",average,table_average,add,add|divide,True,2,2,1.0,2,1.0,34,29,14,122,True,True,True,True,success
GS/2014/page_136.pdf-2,"in millions in 2014 2013 and 2012 , what were the lowest amount of interest rate hedges?\\n\\n",-8683,"table_min(interest rate hedges, none)",table_min,,table_min,table_min,True,0,0,,0,,21,21,14,4,True,True,True,True,success
DISCA/2012/page_39.pdf-4,what is the implied total value of the european sports satellite and cable network as of the transaction date?,1320,"divide(20, const_100), divide(264, #0)",direct_lookup,sum|table_sum,divide,divide,False,2,2,1.0,2,1.0,41,35,24,97,False,False,False,False,operation_schema
LMT/2015/page_54.pdf-3,in 2015 what was the ratio of the net sales to the backlog,0.44,"divide(6770, 15500)",ratio,,divide,divide,True,2,2,1.0,2,1.0,65,48,27,192,True,True,True,True,success
LMT/2015/page_99.pdf-2,what was the percentage change in total long-term debt net from 2014 to 2015?,148%,"subtract(15261, 6142), divide(#0, 6142)",percentage_change,sum|table_sum|difference|margin|ratio,subtract,subtract|divide,True,2,2,1.0,2,1.0,125,48,34,192,True,True,True,True,success
C/2008/page_211.pdf-1,what was the change in millions of carrying amount reported on the consolidated balance sheet trading assets from 2007 to 2008?,-9766,"subtract(16254, 26020)",difference,,subtract,subtract,True,2,2,1.0,2,1.0,69,48,24,92,False,False,False,False,candidate_generation
LMT/2010/page_42.pdf-4,"what was the percentage change in capital expenditures for property , plant and equipment from 2008 to 2009?",-8%,"subtract(852, 926), divide(#0, 926)",percentage_change,difference|margin|ratio,subtract,subtract|divide,True,2,2,1.0,2,1.0,93,48,33,192,False,False,False,True,retrieval_or_bounded_context
ETFC/2011/page_82.pdf-2,"what percentage of total goodwill is attributable to u.s . brokerage reporting unit as december 31 , 2011?",91%,"divide(1751.2, 1934.2)",margin,sum|table_sum|ratio,divide,divide,True,2,2,1.0,2,1.0,10,10,3,186,False,False,False,False,candidate_generation
AON/2010/page_115.pdf-1,what was the average total stock-based compensation expense from 2008 to 2010 in millions,218,"add(221, 209), add(#0, 226), add(#1, const_3), divide(#2, const_2)",average,table_average|sum|table_sum,add,add|divide,True,3,3,1.0,3,1.0,50,48,23,192,True,True,True,True,success
PNC/2009/page_41.pdf-1,"recognized net gains of $ 107 million in 2009 on the valuation and sale of commercial mortgage loans held for sale , net of hedges\\nwere what percent of residential mortgages at fair value?",10.6%,"divide(107, 1012)",margin,ratio,divide,divide,True,2,2,1.0,2,1.0,68,48,32,192,True,True,True,True,success
MRO/2011/page_73.pdf-1,"for the sale of the 19 percent outside-operated interest in the corrib natural gas development offshore ireland , what is the total expected proceeds in millions?",235,"add(const_100, 135)",sum,table_sum|margin|ratio,add,add,True,1,1,1.0,1,1.0,58,48,19,192,False,False,True,False,candidate_generation
UNP/2013/page_54.pdf-1,as of december 312012 what was the percent of the total total freight revenues from agriculture,16.7%,"divide(3280, 19686)",margin,sum|table_sum|ratio,divide,divide,True,2,2,1.0,2,1.0,49,48,36,192,True,True,True,False,success
JKHY/2014/page_30.pdf-2,what was the change in the annual performance of the jkhy stock from 2009 to 2010,16.85%,"subtract(116.85, 100.00), divide(#0, const_100)",difference,,subtract,subtract|divide,True,2,2,1.0,2,1.0,36,35,25,89,False,False,False,False,candidate_generation
L/2015/page_59.pdf-2,what is the roi of an investment in loews common stock from 2010 to 2012?,6.0%,"subtract(106.04, const_100), divide(#0, const_100)",percentage_change,,subtract,subtract|divide,True,1,1,1.0,1,1.0,33,32,21,178,False,False,False,False,candidate_generation
ABMD/2007/page_52.pdf-2,how much of the total contractual commitments are current?,59.5%,"divide(8381, 14090)",direct_lookup,sum|table_sum,divide,divide,False,2,2,1.0,2,1.0,42,38,22,125,False,False,False,False,operation_schema
LMT/2015/page_99.pdf-4,in november 2015 what was the percent of the discounts and debt issuance costs to the long-term debt november 2015 notes in millions,1.42%,"subtract(const_7, 6.9), divide(#0, 7.0)",direct_lookup,margin|ratio,subtract,subtract|divide,True,2,2,1.0,1,0.5,125,48,31,191,True,True,True,False,success
PKG/2009/page_65.pdf-1,purchase commitments ( in thousands ) totaled what for 2010 and 2011?,12893,"add(6951, 5942)",direct_lookup,sum|average|difference,add,add,True,2,2,1.0,2,1.0,33,22,14,191,True,True,True,True,success
UPS/2006/page_32.pdf-1,what was the percentage total cumulative return on investment for united parcel service inc . for the five years ended 12/31/06?,48.92%,"subtract(148.92, const_100), divide(#0, const_100)",indexed_return,sum|table_sum|margin|ratio|difference,subtract,subtract|divide,True,1,1,1.0,1,1.0,45,45,13,192,True,True,True,True,success
HII/2017/page_104.pdf-1,what is the percentage change in the unamortized debt issuance costs associated with the senior notes from 2016 to 2017?,-21.1%,"subtract(15, 19), divide(#0, 19)",percentage_change,difference|margin|ratio,subtract,subtract|divide,True,2,2,1.0,2,1.0,101,48,21,192,False,False,False,True,retrieval_or_bounded_context
CDNS/2006/page_30.pdf-4,"what was the difference in percentage cumulative 5-year total return to shareholders of cadence design systems , inc . 2019s common stock and the s&p 500 for the period ended december 30 , 2006?",55.07%,"subtract(79.96, const_100), divide(#0, const_100), subtract(135.03, const_100), divide(#2, const_100), subtract(#1, #3)",sum,table_sum|difference|percentage_change|margin|ratio,subtract,subtract|divide,True,2,2,1.0,2,1.0,62,48,30,192,True,True,True,True,success
ABMD/2004/page_26.pdf-2,total future minimum lease payments due after 5 years are what percent of the total remaining?,15%,"divide(708, 4578)",table_min,sum|table_sum|margin|ratio,divide,divide,True,2,2,1.0,2,1.0,56,48,16,192,False,False,False,False,candidate_generation
ADI/2011/page_50.pdf-2,what is the yearly interest expense incurred from the $ 375 million note with a fixed rate?,11.3,"multiply(375, 3%)",direct_lookup,,multiply,multiply,False,2,2,1.0,2,1.0,64,48,24,0,False,False,False,False,operation_schema
UNP/2014/page_25.pdf-2,"if overall freight revenues in 2014 grow as the same rate as agricultural arc growth , what would projected 2015 revenues be in millions?",23688,"add(22560, 5%)",direct_lookup,sum|average|difference,add,add,True,2,2,1.0,2,1.0,50,43,20,192,False,False,False,False,candidate_generation
ADI/2011/page_81.pdf-2,what is the net change in the total investment from 2010 to 2011?,17720,"subtract(26410, 8690)",sum,table_sum|difference,subtract,subtract,True,2,2,1.0,2,1.0,36,35,13,169,True,True,True,True,success
AWK/2013/page_132.pdf-3,what is the one-percentage-point increase of effect on total of service and interest cost components as a percentage of the effect on other postretirement benefit obligation?,10.2%,"divide(7367, 72238)",margin,sum|table_sum|difference|percentage_change|ratio,divide,divide,True,2,2,1.0,2,1.0,6,6,4,127,True,True,True,True,success
UNP/2008/page_79.pdf-1,"what was the percent of the value of the interest retained by upri from 2007 to 2008 was $ 431 million and $ 471 million , respectively .",-8.5%,"subtract(431, 471), divide(#0, 471)",direct_lookup,margin|ratio|sum|average|difference,subtract,subtract|divide,True,2,2,1.0,2,1.0,66,48,19,184,False,False,True,True,bounded_pruning
AAL/2013/page_15.pdf-3,what is the ratio of the total flight attendants to passenger service personnel,1.08,"divide(24800, 22900)",ratio,sum|table_sum,divide,divide,True,2,2,1.0,2,1.0,33,31,21,192,True,True,True,True,success
AMT/2012/page_125.pdf-1,"for the mtn group acquisition , what was the cost per tower ? .",1798334,"multiply(173.2, const_1000000), divide(#0, 962)",ratio,,multiply,multiply|divide,True,2,2,1.0,2,1.0,36,33,18,192,False,False,False,False,candidate_generation
EW/2016/page_79.pdf-1,what percentage of the total cash purchase price net of cash acquired was represented by goodwill?,81%,"divide(258.9, 320.1)",margin,sum|table_sum|ratio,divide,divide,True,2,2,1.0,2,1.0,21,21,5,192,True,True,True,True,success
PM/2015/page_85.pdf-2,"what was the change in billions of total debt from december 31 , 2014 to 2015?",-1,"subtract(28.5, 29.5)",sum,table_sum|difference,subtract,subtract,True,2,2,1.0,2,1.0,142,48,14,75,True,True,True,True,success
AAL/2013/page_15.pdf-2,what portion of the total full-time employees of american are flight attendants?,25.0%,"divide(15000, 60100)",margin,sum|table_sum|ratio,divide,divide,True,2,2,1.0,2,1.0,33,33,20,192,False,False,True,True,bounded_pruning
MRO/2011/page_73.pdf-3,what is the percentage of pretax income from discontinued operations to total revenues from discontinued operations?,42.5,"divide(80, 188)",direct_lookup,sum|table_sum|margin|ratio,divide,divide,True,2,2,1.0,2,1.0,58,48,28,189,True,True,True,True,success
ETR/2004/page_213.pdf-1,what is the increase in other regulatory credits as a percentage of net revenue in 2003?,3.85%,"add(14.3, 11.8), add(#0, 11.4), divide(#1, 973.7)",margin,difference|percentage_change|ratio,add,add|divide,True,4,4,1.0,4,1.0,40,40,10,192,False,False,False,False,candidate_generation
PNC/2009/page_41.pdf-2,what was the percentage gain recognized on the commercial mortgages held for sale in 2009,2%,"divide(107, 5.4)",direct_lookup,margin|ratio,divide,divide,True,2,2,1.0,2,1.0,68,48,32,191,False,False,False,True,retrieval_or_bounded_context
BKR/2017/page_103.pdf-1,what is the expense which relates to the acceleration of equity awards upon termination of employment of baker hughes employees as a percentage of stock based compensation expense?,40.5%,"divide(15, 37)",margin,ratio,divide,divide,True,2,2,1.0,2,1.0,25,25,17,192,True,True,True,True,success
AMT/2010/page_34.pdf-4,for the quarter ended september 302010 what was the percentage change in the share price from the highest to the lowest,19.3%,"subtract(52.11, 43.70), divide(#0, 43.70)",table_max,table_min|difference|percentage_change|margin|ratio,subtract,subtract|divide,True,2,2,1.0,2,1.0,36,36,11,192,True,True,True,True,success
GS/2012/page_165.pdf-1,what percentage of total other assets in 2012 was comprised of goodwill and identifiable intangible assets?,13%,"divide(5099, 39623)",margin,sum|table_sum|ratio,divide,divide,True,2,2,1.0,2,1.0,50,48,31,192,True,True,True,True,success
AON/2011/page_134.pdf-4,what is the increase observed in the total revenue during 2010 and 2011?,32.60%,"divide(11287, 8512), subtract(#0, const_1)",sum,table_sum|difference,divide,divide|subtract,True,2,2,1.0,2,1.0,32,29,20,141,False,False,False,False,candidate_generation
ETR/2016/page_418.pdf-4,"what is the growth rate in net revenue in 2016 for entergy texas , inc.?",1.1%,"subtract(644.2, 637.2), divide(#0, 637.2)",percentage_change,,subtract,subtract|divide,True,2,2,1.0,2,1.0,29,29,15,192,True,True,True,True,success
GS/2016/page_70.pdf-1,what is the net change in the number of staff in 2016?,-2400,"subtract(34400, 36800)",difference,,subtract,subtract,True,2,2,1.0,2,1.0,83,48,43,192,True,True,True,True,success
TSCO/2018/page_34.pdf-1,"how much of a greater return , in percentage , was gained in the s&p retail index compared to the tractor supply company?",99.8%,"subtract(217.01, 100.00), divide(#0, 100.00), subtract(117.18, 100), divide(#2, 100), subtract(#1, #3)",direct_lookup,margin|ratio,subtract,subtract|divide,True,3,3,1.0,3,1.0,30,30,13,189,True,True,True,True,success
JPM/2007/page_157.pdf-2,what was the difference in total additions between 2006 and 2007 in millions?,994,"subtract(3133, 2139)",sum,table_sum|difference,subtract,subtract,True,2,2,1.0,2,1.0,56,48,21,186,True,True,True,True,success
GS/2016/page_70.pdf-2,what is the net change in the number of staff in 2015?,2800,"subtract(36800, 34000)",difference,,subtract,subtract,True,2,2,1.0,2,1.0,83,48,29,192,True,True,True,False,success
UA/2015/page_71.pdf-2,what was the ratio of the acquisition related costs recognized in 2015 to 2014,0.75,"divide(0.6, 0.8)",ratio,,divide,divide,True,2,2,1.0,2,1.0,40,40,15,192,True,True,True,True,success
RE/2015/page_33.pdf-2,what is the percentage change in average of investments from 2014 to 2015?,3.6%,"subtract(17430.8, 16831.9), divide(#0, 16831.9)",percentage_change,average|table_average|difference|margin|ratio,subtract,subtract|divide,True,2,2,1.0,2,1.0,122,48,39,192,False,False,False,True,retrieval_or_bounded_context
V/2008/page_17.pdf-2,what is the average payment volume per transaction for jcb?,91.67,"divide(55, 0.6)",ratio,average|table_average,divide,divide,True,2,2,1.0,2,1.0,40,35,26,192,False,False,True,True,bounded_pruning
AON/2009/page_48.pdf-2,what is the lowest segment operating income margin?,13.4%,"table_min(segment operating income margin, none)",table_min,margin|ratio,table_min,table_min,True,0,0,,0,,42,42,21,192,True,True,True,True,success
DRE/2002/page_40.pdf-2,what is the percent change in quarterly cash dividend for the period ended march 31 2002 to the period ended december 31 2002?,1.11%,"subtract(.455, .450), divide(#0, .450), multiply(#1, const_100)",percentage_change,difference|margin|ratio,subtract,subtract|divide|multiply,True,2,2,1.0,2,1.0,40,40,27,192,True,True,True,True,success
APD/2016/page_96.pdf-2,"considering the year 2016 , what is the short-term debt as a percent of total debt?",21%,"add(935.8, 371.3), divide(#0, 6225.2)",direct_lookup,sum|table_sum|margin|ratio,add,add|divide,True,3,3,1.0,3,1.0,33,33,21,191,True,True,True,False,success
SLB/2012/page_44.pdf-2,by how much did the average price per share increase from 2010 to 2011?,25.9%,"subtract(81.15, 64.48), divide(#0, 64.48)",average,table_average|difference,subtract,subtract|divide,True,2,2,1.0,2,1.0,121,48,27,191,False,False,False,False,candidate_generation
UNP/2013/page_44.pdf-1,in 2013 what was the percentage of the sites closed down,21.3%,"divide(57, 268)",direct_lookup,margin|ratio,divide,divide,True,2,1,0.5,1,0.5,22,22,14,192,False,False,False,False,extraction_or_program_constant
DVN/2014/page_85.pdf-2,"in 2014 , what percentage of the total amortization amount was from intangibles?",80%,"divide(36, 45), multiply(#0, const_100)",margin,sum|table_sum|ratio,divide,divide|multiply,True,2,2,1.0,2,1.0,30,24,3,152,True,True,True,True,success
APD/2014/page_39.pdf-1,what was the operating margin for 2014?,19.58%,"divide(88.2, 450.4)",margin,ratio,divide,divide,True,2,2,1.0,2,1.0,113,48,31,192,True,True,True,True,success
JPM/2007/page_157.pdf-1,what was the percentage change in the fair value of msrs in 2007?,14%,"multiply(8632, 7546), divide(#0, 7546)",percentage_change,difference|margin|ratio,multiply,multiply|divide,True,2,2,1.0,2,1.0,56,48,15,192,False,False,False,False,candidate_generation
CAT/2017/page_85.pdf-1,how many countries are cat products distributed to?,193,"add(192, const_1)",direct_lookup,,add,add,False,1,1,1.0,1,1.0,35,33,29,0,False,False,False,False,operation_schema
DISCA/2012/page_39.pdf-3,what were 2012 total consolidated revenues in millions?,5250,"divide(105, 2%)",direct_lookup,sum|table_sum,divide,divide,False,2,2,1.0,2,1.0,41,39,28,8,False,False,False,False,operation_schema
AOS/2004/page_11.pdf-1,what percentage of total aggregate contractual obligations is due to long-term debt?,53%,"divide(275.1, 521.3)",margin,sum|table_sum|ratio,divide,divide,True,2,2,1.0,2,1.0,107,48,30,192,False,False,True,True,bounded_pruning
AON/2011/page_134.pdf-3,what is the highest value for total operating segments during this period?,11287,"table_max(total operating segments, none)",table_max,sum|table_sum,table_max,table_max,True,0,0,,0,,32,27,11,90,True,True,True,True,success
RE/2015/page_33.pdf-4,"at december 31 , what was the percentage change in investment income from 2011 to 2012",-3.2%,"subtract(600.2, 620.0), divide(#0, 620.0)",percentage_change,difference|margin|ratio,subtract,subtract|divide,True,2,2,1.0,2,1.0,122,48,30,192,True,True,True,True,success
JPM/2007/page_33.pdf-1,what was the percentage change in investment banking fees from 2005 to 2006?,35%,"subtract(5520, 4088), divide(#0, 4088)",percentage_change,difference|margin|ratio,subtract,subtract|divide,True,2,2,1.0,2,1.0,87,48,37,192,True,True,True,True,success
IPG/2015/page_48.pdf-1,what percent decrease for interest income occurred between 2014 and 2015?,16.79%,"subtract(27.4, 22.8), divide(#0, 27.4), multiply(#1, const_100)",percentage_change,difference|margin|ratio,subtract,subtract|divide|multiply,True,2,2,1.0,2,1.0,46,45,4,192,True,True,True,True,success
PNC/2015/page_159.pdf-1,"at december 31 , 2015 what was the net change from december 31 , 2014 on alll on total purchased impaired loans in billions?",-0.6,"subtract(.3, .9)",difference,sum|table_sum,subtract,subtract,True,2,2,1.0,2,1.0,37,34,10,182,False,False,False,False,candidate_generation
ETR/2016/page_418.pdf-1,"in millions , what is the total impact on the change in net revenue from the reserve equalization , the purchased power capacity , and the transmission revenue?",33.7,"add(14.3, 12.4), add(#0, const_7)",sum,table_sum|difference,add,add,True,2,2,1.0,2,1.0,29,29,3,192,True,True,True,True,success
AAPL/2005/page_83.pdf-2,"what was the lowest amount of research and development credit net in the three year period , in millions?",-26,"table_min(research and development credit net, none)",table_min,,table_min,table_min,True,0,0,,0,,39,35,11,16,True,True,True,True,success
MRO/2009/page_139.pdf-3,by how much did contingent rental liability decrease from 2007 to 2009?,-42.4%,"subtract(19, 33), divide(#0, 33)",direct_lookup,difference|sum|average,subtract,subtract|divide,True,2,2,1.0,2,1.0,46,43,21,185,False,False,False,False,candidate_generation
APD/2018/page_59.pdf-2,what is the percentual increase in the operating expenses during 2017 and 2018?,27.5%,"divide(91.8, 72.0), subtract(#0, const_1)",percentage_change,difference|margin|ratio,divide,divide|subtract,True,2,2,1.0,2,1.0,54,48,30,192,True,True,True,True,success
LLY/2018/page_63.pdf-2,what was the percentage change in raw materials and supplies between 2017 and 2018?,4%,"subtract(506.5, 488.8), divide(#0, 488.8)",percentage_change,difference|margin|ratio,subtract,subtract|divide,True,2,2,1.0,2,1.0,23,20,15,192,False,False,False,False,candidate_generation
LMT/2015/page_99.pdf-1,what was the change in the total long-term debt net from 2014 to 2015 in millions,9119,"subtract(15261, 6142)",sum,table_sum|difference,subtract,subtract,True,2,2,1.0,2,1.0,125,48,36,192,True,True,True,True,success
CME/2017/page_97.pdf-3,how many directors can be elected by the class b-1 and class b-2 shareholders?,5,"add(const_3, const_2)",direct_lookup,,add,add,False,0,0,,0,,32,31,15,0,False,False,False,False,operation_schema
MRO/2009/page_56.pdf-1,by what percentage did the average wti crude oil benchmark decrease from 2007 to 2009?,-14.3%,"subtract(62.09, 72.41), divide(#0, 72.41)",average,table_average|difference|percentage_change|margin|ratio,subtract,subtract|divide,True,2,2,1.0,2,1.0,40,38,21,192,True,True,True,True,success
IPG/2008/page_62.pdf-3,"what is the change in the balance of liability for restructuring 2003 program from 2006 to 2008 , ( in millions ) ?",-6.9,"subtract(5.7, 12.6)",difference,,subtract,subtract,True,2,2,1.0,2,1.0,43,42,26,192,True,True,True,True,success
EW/2016/page_94.pdf-1,"what is the value , in millions of dollars , of the total issuable stock in 2014?",162.2,"multiply(13.8, 11.75)",direct_lookup,sum|table_sum,multiply,multiply,False,2,2,1.0,2,1.0,35,27,21,11,False,False,False,False,operation_schema
CB/2010/page_88.pdf-1,what was the percentage change of the net favorable prior period development from 2010 to 2008,38.2%,"subtract(503, 814), divide(#0, 814)",percentage_change,difference|margin|ratio,subtract,subtract|divide,True,2,2,1.0,2,1.0,58,48,26,192,False,False,False,True,retrieval_or_bounded_context
MRO/2004/page_36.pdf-1,"what was the change in ssa 2019s revenues from the sale of non-petroleum merchandise in 2004 , compared with in 2003 , in billions?",0.1,"subtract(2.3, 2.2)",difference,,subtract,subtract,True,2,2,1.0,2,1.0,75,48,36,101,False,False,False,True,retrieval_or_bounded_context
GPN/2017/page_77.pdf-2,what portion of the total purchase consideration is allocated to goodwill?,76.6%,"divide(203828, 265982)",margin,sum|table_sum|ratio,divide,divide,True,2,2,1.0,2,1.0,21,21,15,192,False,False,True,True,bounded_pruning
APD/2013/page_40.pdf-1,"considering the years 2011-2013 , what is the average capital expenditure on a gaap basis?",1891.16,"table_average(capital expenditures on a gaap basis, none)",average,table_average,table_average,table_average,True,0,0,,0,,66,48,32,192,True,True,True,True,success
GS/2013/page_152.pdf-3,"in millions , for 2013 , 2012 , and 2011 , what was average currency hedges?",29,"table_average(currency hedges, none)",average,table_average,table_average,table_average,True,0,0,,0,,34,34,15,175,False,False,False,False,candidate_generation
VTR/2007/page_47.pdf-2,"what was the number of shares outstanding as of december 31 , 2007",138297141.0,"subtract(138311810, 14669)",direct_lookup,,subtract,subtract,False,2,2,1.0,2,1.0,32,27,17,0,True,True,True,True,success
AMAT/2013/page_18.pdf-1,what is percentage change in rd&e spendings from 2013 to 2014?,8.3%,"subtract(1.3, 1.2), divide(#0, 1.2)",percentage_change,difference|margin|ratio,subtract,subtract|divide,True,2,2,1.0,2,1.0,45,45,24,192,False,False,False,True,retrieval_or_bounded_context
ETR/2011/page_376.pdf-2,what percent of of the total variance in net revenue is attributed to the variance in volume/weather?,56.6%,"subtract(577.8, 540.2), divide(21.3, #0)",margin,sum|table_sum|ratio,subtract,subtract|divide,True,3,3,1.0,3,1.0,32,32,15,192,False,False,False,False,candidate_generation
HII/2017/page_124.pdf-3,in the number of securities to be issued what is the ratio of the stock rights from the 2012 plan to the 2011 plan included in these securities,1.06,"divide(28763, 27123)",ratio,,divide,divide,True,2,2,1.0,2,1.0,37,35,10,97,True,True,True,True,success
INTC/2013/page_33.pdf-1,what was the percent of the change in the net revenues from dec . 282012 dec . 29 2013,-1.2%,"subtract(52708, 53341), divide(#0, 53341)",difference,percentage_change|margin|ratio,subtract,subtract|divide,True,2,2,1.0,2,1.0,62,48,34,192,True,True,True,True,success
ETR/2013/page_118.pdf-1,what is the percent change in annual long-term debt maturities from 2016 to 2017?,183%,"subtract(766801, 270852), divide(#0, 270852)",percentage_change,difference|margin|ratio,subtract,subtract|divide,True,2,2,1.0,2,1.0,46,37,20,192,True,True,True,True,success
BLK/2012/page_160.pdf-2,what percent of the balance increase is attributed to balances assumed in acquisitions?,13.45%,"subtract(404, 285), add(4, 12), divide(#1, #0)",margin,difference|percentage_change|ratio,subtract,subtract|add|divide,True,4,4,1.0,4,1.0,101,48,28,192,False,False,False,False,candidate_generation
BDX/2018/page_82.pdf-2,in 2018 what was the ratio of the service cost to the interest cost,66.2%,"divide(90, 136)",ratio,,divide,divide,True,2,2,1.0,2,1.0,38,37,27,192,False,False,False,False,candidate_generation
FIS/2007/page_94.pdf-3,what is the percentage change in rent expense from 2006 yo 2007?,30.6%,"subtract(106.4, 81.5), divide(#0, 81.5)",percentage_change,difference|margin|ratio,subtract,subtract|divide,True,2,2,1.0,2,1.0,45,36,13,192,True,True,True,True,success
MA/2008/page_126.pdf-2,what is the net change in total liabilities for litigation settlements during 2008?,1331862,"subtract(1736298, 404436)",difference,sum|table_sum,subtract,subtract,True,2,2,1.0,2,1.0,48,43,26,192,False,False,False,False,candidate_generation
AES/2016/page_185.pdf-1,"for the ipl cumulative preferred stock , what was the dividend rate at december 31 , 2016 and 2015?",5%,"divide(3, 60)",direct_lookup,sum|average|difference,divide,divide,True,2,2,1.0,2,1.0,68,48,24,182,False,False,False,False,candidate_generation
OKE/2012/page_52.pdf-1,what percentage of employees are subject to collective bargaining agreements?,15%,"divide(705, 4859)",margin,ratio,divide,divide,True,2,2,1.0,2,1.0,18,18,11,192,False,False,False,False,candidate_generation
ETFC/2011/page_82.pdf-4,as of december 312011 what was the ratio of the good will reported in the capital markets to the retail bank,3.51,"divide(142.4, 40.6)",ratio,,divide,divide,True,2,2,1.0,2,1.0,10,9,7,139,True,True,True,True,success
LKQ/2016/page_26.pdf-2,what was the difference in percentage cumulative return for lkq corporation and the s&p 500 index for the five years ended 12/31/2016?,26%,"subtract(204, 100), divide(#0, 100), subtract(178, 100), divide(#2, 100), subtract(#1, #3)",indexed_return,difference|percentage_change|margin|ratio,subtract,subtract|divide,True,3,3,1.0,3,1.0,27,24,13,192,True,True,True,True,success
ETR/2011/page_324.pdf-3,what was the average entergy louisiana receivables from 2008 to 2011 in millions,11378.75,"multiply(118415, const_m1), add(#0, 49887), add(#0, 52807), add(#1, 61236), divide(#2, const_4)",average,table_average,multiply,multiply|add|divide,True,4,3,0.75,3,0.75,43,43,17,192,False,False,False,False,extraction_or_program_constant
ETR/2008/page_355.pdf-4,what is the percent change in gas customers between 2007 and 2008?,8%,"subtract(93000, 86000), divide(#0, 86000)",percentage_change,difference|margin|ratio,subtract,subtract|divide,True,2,2,1.0,2,1.0,43,43,22,192,False,False,False,False,candidate_generation
INTC/2013/page_33.pdf-3,what was the percentage change in diluted earnings per common share december 29 2012 and december 28 2013?,-11%,"subtract(1.89, 2.13), divide(#0, 2.13)",percentage_change,difference|margin|ratio,subtract,subtract|divide,True,2,2,1.0,2,1.0,62,48,31,192,False,False,False,False,candidate_generation
UNP/2014/page_35.pdf-1,"what would 2014 capital expenditures have been without the early buyout of the operating lease of the headquarters , in millions?",4510,"add(4249, 261)",direct_lookup,,add,add,False,2,1,0.5,1,0.5,46,35,18,0,False,False,False,False,extraction_or_program_constant
HII/2014/page_69.pdf-4,what is the percent of the total backlog for ingalls as part of the total backlog,49.3%,"divide(8905, 18038)",margin,sum|table_sum|ratio,divide,divide,True,2,2,1.0,2,1.0,85,48,27,192,False,False,False,False,candidate_generation
IP/2009/page_37.pdf-1,north american consumer packaging net sales where what percentage of consumer packaging sales in 2009?,72%,"multiply(2.2, const_1000), divide(#0, 3060)",margin,ratio,multiply,multiply|divide,True,2,2,1.0,2,1.0,91,48,30,192,False,False,False,True,retrieval_or_bounded_context
PM/2018/page_31.pdf-1,by what percentage will the 2019 pre-tax pension and postretirement expense be higher than that of 2018?,28.1%,"subtract(205, 160), divide(#0, 160)",direct_lookup,margin|ratio|sum|average|difference,subtract,subtract|divide,True,2,2,1.0,2,1.0,28,27,11,189,True,True,True,True,success
SWKS/2006/page_81.pdf-1,what are the total pension liability adjustment from 2004 to 2006?,187,"multiply(351, const_m1), add(#0, 538)",sum,table_sum,multiply,multiply|add,True,2,1,0.5,1,0.5,63,48,14,88,True,True,True,True,success
IP/2005/page_19.pdf-1,what was the change in industry segment operating profits between 2004 and 2005?,-117,"subtract(1923, 2040)",difference,,subtract,subtract,True,2,2,1.0,2,1.0,51,48,33,127,True,True,True,True,success
PNC/2013/page_112.pdf-1,"in these equity investment balances , what is the percent of unfunded commitments at december 31 , 2013?",7.5%,"divide(802, 10664)",direct_lookup,margin|ratio,divide,divide,True,2,2,1.0,2,1.0,79,48,30,192,True,True,True,False,success
KHC/2016/page_23.pdf-4,"as of december 31 , 2016 , what percentage of manufacturing and processing facilities are owned?",95.4%,"divide(83, 87)",margin,ratio,divide,divide,True,2,2,1.0,2,1.0,29,26,15,192,True,True,True,True,success
UNP/2015/page_35.pdf-1,in 2014 what was the ratio of the cash used for investment to the cash from operations,0.499,"divide(3405, 6823)",ratio,,divide,divide,True,2,1,0.5,1,0.5,58,46,20,192,True,True,True,True,success
AMT/2008/page_32.pdf-4,"what is the growth rate in the price of shares from the highest value during the quarter ended december 31 , 2008 and the closing price on february 13 , 2009?",29.2%,"subtract(37.28, 28.85), divide(#0, 28.85)",table_max,,subtract,subtract|divide,False,2,2,1.0,2,1.0,50,48,10,18,False,False,False,False,operation_schema
PKG/2009/page_65.pdf-3,what was the change in millions from 2008 to 2009 under purchase commitments?,7.9,"subtract(37.3, 29.4)",difference,,subtract,subtract,True,2,2,1.0,2,1.0,33,28,5,185,True,True,True,True,success
PNC/2011/page_78.pdf-4,what was the total of the reserve for losses?,101,"add(47, 54)",sum,table_sum,add,add,True,2,2,1.0,2,1.0,34,25,5,87,True,True,True,True,success
PM/2018/page_31.pdf-2,what is the percentage change in weighted average discount rate for postretirement plans from 2017 to 2018?,4.7%,"subtract(3.97, 3.79), divide(#0, 3.79)",percentage_change,average|table_average|difference|margin|ratio,subtract,subtract|divide,True,2,2,1.0,2,1.0,28,27,16,192,False,False,False,False,candidate_generation
IPG/2008/page_62.pdf-4,what is the percentage decrease in total liability from dec 31 2007 to dec 31 2008?,56.75%,"subtract(29.6, 12.8), divide(#0, 29.6), multiply(#1, const_100)",percentage_change,sum|table_sum|difference|margin|ratio,subtract,subtract|divide|multiply,True,2,2,1.0,2,1.0,43,40,30,192,True,True,True,True,success
TSCO/2017/page_31.pdf-2,"compared to the s&p 500 ,what was the difference in percentage growth from the s&p 500 retail index .",73.4%,"subtract(211.67, 100), divide(#0, 100), subtract(286.13, 100), divide(#2, 100), subtract(#3, #1)",percentage_change,difference|margin|ratio,subtract,subtract|divide,True,3,3,1.0,3,1.0,30,30,12,192,True,True,True,True,success
APD/2016/page_96.pdf-1,"considering the years 2014-2016 , what was the average cash paid for interest?",117,"add(121.1, 97.5), add(132.4, #0), divide(#1, const_3)",average,table_average,add,add|divide,True,3,3,1.0,3,1.0,33,33,21,192,False,False,False,True,retrieval_or_bounded_context
BLL/2007/page_47.pdf-2,"as of december 2007 , what percentage of the long-term debt is current?",5.5%,"divide(126.1, 2302.6)",margin,ratio,divide,divide,True,2,2,1.0,2,1.0,108,48,35,192,True,True,True,True,success
UNP/2014/page_25.pdf-1,if the fuel surcharge grows by the same rate as in 2014what would expected 2015 revenues be in billions?,3.0,"divide(2.8, 2.6), multiply(#0, 2.8)",direct_lookup,,divide,divide|multiply,False,2,2,1.0,2,1.0,50,30,20,0,True,True,True,True,success
RSG/2009/page_100.pdf-1,in 2009 what was the change in the allowance for doubtful accounts,-10.5,"add(27.3, -37.8)",difference,,add,add,False,2,2,1.0,2,1.0,32,31,19,192,True,True,True,True,success
PNC/2011/page_87.pdf-2,"what is the average , in millions , home equity line of credit with balloon payments with draw periods from 2012 to 2016?",150,"add(306, 44), add(#0, 60), add(#1, 100), add(#2, 246), divide(#3, const_5)",average,table_average,add,add|divide,True,5,5,1.0,5,1.0,54,48,29,192,False,False,False,True,retrieval_or_bounded_context
AES/2001/page_44.pdf-2,2001 revenue from large utilities were how many times the revenues from the growth distribution segment?,2.5,"divide(739, 296)",direct_lookup,,divide,divide,False,2,2,1.0,2,1.0,93,48,30,0,False,False,False,False,operation_schema
FBHS/2017/page_43.pdf-1,what was the percentage growth in the defined benefit plan income from 2016 to 2017,44.8%,"subtract(4.2, 2.9), divide(#0, 2.9)",percentage_change,margin|ratio,subtract,subtract|divide,True,2,2,1.0,2,1.0,37,37,22,192,True,True,True,True,success
MSI/2006/page_61.pdf-2,how much did the lease obligations drop from 2004 to 2011?,$ 193 million,"subtract(205, 120)",direct_lookup,sum|average|difference,subtract,subtract,True,2,2,1.0,2,1.0,82,48,27,188,True,True,True,False,success
BLK/2013/page_124.pdf-1,how much higher is the fair value than carrying value ? in millions $ .,345,"subtract(5284, 4939)",difference,,subtract,subtract,True,2,2,1.0,2,1.0,154,48,35,192,True,True,True,True,success
SNA/2012/page_33.pdf-2,what is the roi of s&p 500 from 2007 to 2012?,8.59%,"subtract(108.59, const_100), divide(#0, const_100)",percentage_change,,subtract,subtract|divide,True,1,1,1.0,1,1.0,54,48,29,140,True,True,True,True,success
LMT/2016/page_48.pdf-1,what were average net sales for aeronautics in millions between 2014 and 2016?,16086,"table_average(net sales, none)",average,table_average,table_average,table_average,True,0,0,,0,,82,48,31,192,True,True,True,True,success
TROW/2010/page_22.pdf-3,by what percent did the provision for income taxes as a percentage of pretax income decrease between 2008 and 2009?,1.2%,"subtract(38.4, 37.1)",margin,difference|percentage_change|ratio,subtract,subtract,True,2,2,1.0,2,1.0,97,48,27,192,True,True,True,False,success
AAPL/2014/page_38.pdf-4,what was the change in property plant and equipment net from 2012 to 2013 in millions?,1145,"subtract(16597, 15452)",difference,,subtract,subtract,True,2,2,1.0,2,1.0,68,48,37,123,False,False,False,False,candidate_generation
AES/2017/page_157.pdf-3,"without the us , what would the total net revenue be for 2017?",7304000000,"subtract(10530, 3229), multiply(#0, const_1000000)",direct_lookup,sum|table_sum,subtract,subtract|multiply,False,2,2,1.0,2,1.0,61,48,35,139,False,False,False,False,operation_schema
FIS/2007/page_91.pdf-1,what is the net change in unrecognized tax benefits during 2007?,11918,"add(15667, -3749)",difference,,add,add,False,2,2,1.0,2,1.0,65,48,20,191,True,True,True,True,success
CNP/2010/page_31.pdf-1,"considering the state of arkansas , what is the percentage of residential customers concerning the total customers?",89.05%,"divide(390668, 438701)",direct_lookup,sum|table_sum|margin|ratio,divide,divide,True,2,2,1.0,2,1.0,57,48,31,191,False,False,True,True,bounded_pruning
UNP/2009/page_65.pdf-1,"assuming a fmv of a share equal to 2000 , under the pre-december 31 , 2007 plan , approximately how many shares would each non-employee director receive annually?",90,"divide(2000, const_3), divide(60000, #0)",direct_lookup,sum|average|difference,divide,divide,True,2,2,1.0,2,1.0,74,48,30,192,False,False,False,False,candidate_generation
AON/2010/page_115.pdf-2,what is the percentage increase in rsus from 2009 to 2010?,11.3%,"subtract(138, 124), divide(#0, 124)",percentage_change,difference|margin|ratio,subtract,subtract|divide,True,2,2,1.0,2,1.0,50,48,25,192,True,True,True,True,success
ETR/2008/page_377.pdf-1,"what is the growth rate in net revenue for entergy texas , inc . in 2007?",9.7%,"subtract(442.3, 403.3), divide(#0, 403.3)",percentage_change,,subtract,subtract|divide,True,2,2,1.0,2,1.0,36,36,19,192,True,True,True,True,success
TROW/2010/page_22.pdf-1,what was the percent change in capital gain distributions between 2008 and 2009?,-48%,"subtract(2.9, 5.6), divide(#0, 5.6)",percentage_change,difference|margin|ratio,subtract,subtract|divide,True,2,2,1.0,1,0.5,97,48,30,192,False,False,False,False,retrieval
MRO/2015/page_18.pdf-4,"in 2017 , what percentage of undeveloped acres were located in africa?",98%,"divide(4444, 4533)",margin,ratio,divide,divide,True,2,2,1.0,2,1.0,23,21,18,192,True,True,True,True,success
ETR/2011/page_376.pdf-1,what was the average net revenue from 2010 to 2011,559,"add(577.8, 540.2), add(#0, const_2), divide(#1, const_2)",average,table_average,add,add|divide,True,2,2,1.0,2,1.0,32,32,17,192,False,False,True,True,bounded_pruning
ETR/2017/page_316.pdf-4,how much higher is net revenue in 2017 than 2016 ? ( in millions ),2.1,"subtract(1522.6, 1520.5)",difference,,subtract,subtract,True,2,2,1.0,2,1.0,34,34,14,96,False,False,False,False,candidate_generation
CAG/2008/page_75.pdf-2,what percentage of total inventories is comprised of finished goods in 2008?,61%,"divide(1179.1, 1931.5)",margin,sum|table_sum|ratio,divide,divide,True,2,2,1.0,2,1.0,42,40,20,192,True,True,True,True,success
LMT/2016/page_48.pdf-3,what was the profit margin in 2014 for the aeronautics business segment,11.1%,"divide(1649, 14920)",margin,ratio,divide,divide,True,2,2,1.0,2,1.0,82,48,29,192,True,True,True,True,success
RE/2017/page_159.pdf-3,what was the estimated total cost to replace the annuities the company was liable for in 2017,179062,"add(144618, 34444)",sum,table_sum,add,add,True,2,2,1.0,2,1.0,38,25,14,80,True,True,True,True,success
BDX/2018/page_82.pdf-1,what was the average pension service cost from 2016 to 2018 in millions,109,"add(136, 110), add(81, #0), divide(#1, const_3)",average,table_average,add,add|divide,True,3,3,1.0,3,1.0,38,37,29,191,False,False,False,False,candidate_generation
CB/2010/page_88.pdf-2,what was the average catastrophe losses from 2008 to 2010 in millions,356.7,"add(366, 137), add(567, #0), divide(#1, const_3)",average,table_average,add,add|divide,True,3,3,1.0,3,1.0,58,48,26,177,False,False,False,True,retrieval_or_bounded_context
AON/2014/page_47.pdf-2,"considering the years 2013 and 2014 , what is the basis point variation observed in the operating margin?",360,"subtract(11.4%, 7.8%), multiply(#0, const_100)",margin,ratio,subtract,subtract|multiply,True,2,2,1.0,2,1.0,42,37,20,192,False,False,False,False,candidate_generation
AON/2014/page_47.pdf-4,"if the hr solutions segment generated 35% ( 35 % ) of the consolidated revenue , what would be the total revenue for 2014 , ( in millions ) ?",12182.9,"divide(4264, 35%)",direct_lookup,sum|table_sum,divide,divide,False,2,2,1.0,2,1.0,42,36,20,16,False,False,False,False,operation_schema
CB/2010/page_88.pdf-3,"by what amount have catastrophic losses in 2010 surpass the catastrophic losses of 2009 , ( in millions ) ?",229,"subtract(366, 137)",direct_lookup,sum|average|difference,subtract,subtract,True,2,2,1.0,2,1.0,58,48,26,191,False,False,False,False,candidate_generation
BLL/2007/page_35.pdf-1,"what is the total amount of cash outflow used for shares repurchased during october 2007 , in millions?",37.8,"multiply(705292, 53.53), divide(#0, const_1000000)",sum,table_sum,multiply,multiply|divide,False,2,2,1.0,2,1.0,52,48,29,43,False,False,False,False,operation_schema
GS/2016/page_77.pdf-1,what percentage of total net revenue investing & lending segment is due to equity securities in 2016?,63%,"divide(2573, 4080)",margin,sum|table_sum|ratio,divide,divide,True,2,2,1.0,2,1.0,85,48,33,192,True,True,True,True,success
BLL/2010/page_28.pdf-4,what was the difference in percentage cumulative total shareholder return for ball corporation compared to the s&p 500 index for the five year period ending 12/31/10?,66.94,"subtract(178.93, const_100), divide(#0, const_100), subtract(111.99, const_100), divide(#2, const_100), subtract(#1, #3)",sum,table_sum|difference|percentage_change|margin|ratio,subtract,subtract|divide,True,2,2,1.0,2,1.0,29,29,19,192,False,False,True,True,bounded_pruning
GPN/2017/page_77.pdf-1,what portion of the total identifiable net assets is in cash?,73.7%,"divide(45826, 62154)",margin,sum|table_sum|ratio,divide,divide,True,2,1,0.5,1,0.5,21,21,15,192,False,False,False,False,extraction_or_program_constant
CME/2012/page_70.pdf-4,by what percentage can cme increase their current line of credit?,40.0%,"subtract(const_7, const_5), divide(#0, const_5)",direct_lookup,difference|percentage_change|margin|ratio,subtract,subtract|divide,True,0,0,,0,,62,48,12,187,True,True,True,True,success
DRE/2007/page_59.pdf-2,goodwill comprises what percentage of total assets acquired?,1.70%,"divide(14722, 867558), multiply(#0, const_100)",margin,sum|table_sum|ratio,divide,divide|multiply,True,2,2,1.0,2,1.0,33,33,20,192,True,True,True,True,success
JPM/2007/page_147.pdf-3,how much of the firm-sponsored qspes that hold asf framework loans are serviced by the firm?,10.3,"subtract(20.0, 9.7)",direct_lookup,,subtract,subtract,False,2,2,1.0,2,1.0,43,43,16,0,False,False,False,False,operation_schema
PNC/2018/page_171.pdf-1,in 2018 what was the percent of the total commitments to extend credit and other commitments for home equity lines of credit,9.3%,"divide(16944, 181612)",margin,sum|table_sum|ratio,divide,divide,True,2,2,1.0,2,1.0,44,44,28,192,True,True,True,True,success
HIG/2011/page_188.pdf-1,"as of december 31 , 2011 , what was the percentage change in the estimated future net amortization expense of present value of future profits from 2013 to 2014",58.6%,"subtract(24, 58), divide(#0, 58)",percentage_change,difference|margin|ratio,subtract,subtract|divide,True,2,2,1.0,2,1.0,63,48,25,192,False,False,True,True,bounded_pruning
FBHS/2017/page_76.pdf-1,what was the percent of the total debt associated with the 1250 million revolving credit agreement due june 2021,41%,"divide(615.0, 1507.6)",margin,sum|table_sum|ratio,divide,divide,True,2,2,1.0,2,1.0,41,38,18,192,False,False,True,False,candidate_generation
AAL/2013/page_15.pdf-1,what is the ratio of the total flight attendants to pilots,1.62,"divide(24800, 15400)",ratio,sum|table_sum,divide,divide,True,2,2,1.0,2,1.0,33,31,21,192,True,True,True,True,success
LMT/2013/page_74.pdf-2,"what was the percentage of the total severance actions related to our aeronautics , space systems , and our is&gs business segments and corporate headquarters in 2011 related to the aeronautics",36%,"add(49, 48), add(39, #0), divide(49, #1)",margin,sum|table_sum|ratio,add,add|divide,True,3,3,1.0,3,1.0,54,48,28,192,True,True,True,True,success
ALLE/2016/page_43.pdf-1,"considering the year 2015 , what was the lowest return for the investment?",-0.1%,"subtract(99.90, 100)",table_min,,subtract,subtract,False,2,2,1.0,2,1.0,40,37,10,7,False,False,False,False,operation_schema
HUM/2017/page_133.pdf-1,what is the percentage of the common stock repurchase among the total program of repurchases?,66.67%,"divide(1.5, 2.25)",direct_lookup,sum|table_sum|margin|ratio,divide,divide,True,2,2,1.0,2,1.0,65,48,20,192,True,True,True,True,success
FIS/2007/page_91.pdf-2,what portion of the total interest expense is related to unpaid taxes in 2007?,16.7%,"divide(1.4, 8.4)",margin,sum|table_sum|ratio,divide,divide,True,2,2,1.0,2,1.0,65,48,18,192,True,True,True,True,success
HIG/2008/page_318.pdf-3,what is the net change in total statutory capital from 2007 to 2008?,-2138,"subtract(13777, 15915)",sum,table_sum|difference,subtract,subtract,True,2,2,1.0,2,1.0,44,37,15,161,True,True,True,True,success
RE/2015/page_33.pdf-1,what is the book to market ratio of the commercial mortgage-backed securities,0.99,"divide(264.9, 266.3)",ratio,,divide,divide,True,2,2,1.0,2,1.0,122,48,36,192,True,True,True,True,success
MRO/2009/page_56.pdf-3,by what percentage did the average henry hub natural gas benchmark decrease from 2007 to 2009?,-41.8%,"subtract(3.99, 6.86), divide(#0, 6.86)",average,table_average|difference|percentage_change|margin|ratio,subtract,subtract|divide,True,2,2,1.0,2,1.0,40,38,19,192,True,True,True,True,success
MSI/2006/page_61.pdf-1,what is the percentage of decrease of long-term debt from 2007 to 2011?,54.7%,"subtract(1340, 607), divide(#0, 1340)",direct_lookup,difference|percentage_change|margin|ratio|sum|average,subtract,subtract|divide,True,2,2,1.0,2,1.0,82,48,42,192,False,False,False,True,retrieval_or_bounded_context
PNC/2011/page_87.pdf-3,"for 2012 , what percent of the home equity lines of credit interest only product was due to home equity lines of credit with balloon payments?",33.8%,"divide(306, 904)",margin,ratio,divide,divide,True,2,2,1.0,2,1.0,54,48,27,192,True,True,True,True,success
SNA/2012/page_33.pdf-1,what is the growth rate of snap's share price from 2007 to 2008?,-16.34%,"subtract(83.66, const_100), divide(#0, const_100)",percentage_change,,subtract,subtract|divide,True,1,1,1.0,1,1.0,54,48,25,112,True,True,True,True,success
NKE/2016/page_37.pdf-1,"as of may 31 , 2016 what percentage of cash and cash equivalents was held in foreign subsidiaries?",84%,"divide(4.6, 5.5)",margin,ratio,divide,divide,True,2,2,1.0,2,1.0,126,48,25,192,False,False,False,True,retrieval_or_bounded_context
ZBH/2017/page_71.pdf-3,percent change in fair value of beginning assets in this time period?,4.83%,"divide(3.8, 78.7)",percentage_change,difference|margin|ratio,divide,divide,True,2,2,1.0,2,1.0,73,48,18,192,True,True,True,True,success
CMCSA/2015/page_64.pdf-2,what would the investment income ( loss ) have been in 2014 without the gain from the sale of the investment in clearwire corporation in 2013?,-147,"subtract(296, 443)",direct_lookup,sum|average|difference,subtract,subtract,True,2,2,1.0,2,1.0,62,48,31,192,False,False,False,False,candidate_generation
SLB/2012/page_44.pdf-1,as of december 312012 what was the outstanding amount of share repurchase authorized in billions?,0.88,"subtract(const_8, 7.12)",direct_lookup,,subtract,subtract,False,1,1,1.0,1,1.0,121,48,31,0,False,False,False,False,operation_schema
MRO/2006/page_33.pdf-3,what was average propane sales in tbd for the three year period?,22.3,"table_average(propane, none)",average,table_average,table_average,table_average,True,0,0,,0,,86,48,42,192,True,True,True,True,success
MRO/2015/page_18.pdf-1,"for 2016 , what was the total african and us net undeveloped acres expiring , in thousands ? \\n",257,"add(189, 68)",sum,table_sum,add,add,True,2,2,1.0,2,1.0,23,23,18,192,True,True,True,True,success
LMT/2017/page_80.pdf-3,what was the change in millions of weighted average common shares outstanding for diluted computations from 2015 to 2016?,-11.6,"subtract(303.1, 314.7)",average,table_average|difference,subtract,subtract,True,2,2,1.0,2,1.0,56,43,23,192,True,True,True,True,success
ETR/2008/page_377.pdf-3,what is the percent change in net revenue between 2006 and 2007?,9.7%,"subtract(442.3, 403.3), divide(#0, 403.3)",percentage_change,difference|margin|ratio,subtract,subtract|divide,True,2,2,1.0,2,1.0,36,36,20,192,True,True,True,True,success
GS/2017/page_106.pdf-3,"what percentage of total market risk for positions , accounted for at fair value , that are not included in var is comprised of equity in 2016?",55%,"divide(2085, 3787)",margin,sum|table_sum|ratio,divide,divide,True,2,2,1.0,2,1.0,48,47,24,192,True,True,True,True,success
RE/2017/page_159.pdf-1,"at december 31 , 2017 under the 2010 employee plan what was the percent of shares that had been granted",36.2%,"subtract(4000000, 2553473)",direct_lookup,margin|ratio|sum|average|difference,subtract,subtract,True,2,2,1.0,2,1.0,38,38,15,191,False,False,False,True,retrieval_or_bounded_context
LMT/2010/page_42.pdf-2,what is the percentage increase in the net cash provided by operating activities in 2010 compare to 2009?,11.8%,"divide(374, 3173)",percentage_change,difference|margin|ratio,divide,divide,True,2,2,1.0,2,1.0,93,48,34,192,True,True,True,True,success
AES/2017/page_175.pdf-4,"what percentage of the company's receivable balances in puerto rico as of december 31 , 2017 was past due?",62%,"divide(53, 86)",margin,ratio,divide,divide,True,2,2,1.0,2,1.0,42,40,21,192,True,True,True,True,success
HII/2017/page_124.pdf-1,what portion of the equity compensation plan approved by security holders is to be issued upon the exercise of options warrants and rights?,9.9%,"add(448859, 4087587), divide(448859, #0)",margin,ratio,add,add|divide,True,2,2,1.0,2,1.0,37,37,13,80,True,True,True,True,success
CME/2012/page_70.pdf-2,what portion of the minimum total assets available for default is related to assessment powers?,72.7%,"divide(7973.6, 10973.1)",table_min,sum|table_sum|margin|ratio,divide,divide,True,2,2,1.0,2,1.0,62,48,6,192,True,True,True,True,success
ETR/2017/page_26.pdf-2,what are the nuclear fuel expenses as a percentage of 2016 net revenue?,4.41%,"divide(68, 1542)",margin,ratio,divide,divide,True,2,2,1.0,2,1.0,41,38,17,192,True,True,True,True,success
CDNS/2012/page_30.pdf-2,what was the difference in percentage cumulative 5-year total stockholder return for cadence design systems inc . compared to the nasdaq composite for the five years ended 12/29/2012?,-31.86,"subtract(78.92, const_100), divide(#0, const_100), subtract(110.78, const_100), divide(#2, const_100), subtract(#0, #2)",sum,table_sum|difference|percentage_change|margin|ratio,subtract,subtract|divide,True,2,2,1.0,2,1.0,50,48,25,192,True,True,True,True,success
FIS/2007/page_94.pdf-4,what percentage of total future minimum operating lease payments for leases with remaining terms greater than one year are due in 2010?,14%,"divide(35269, 249038)",table_min,sum|table_sum|margin|ratio,divide,divide,True,2,2,1.0,2,1.0,45,33,7,192,False,False,True,False,candidate_generation
AMT/2008/page_32.pdf-1,"what is the average number of common stock shares per register holder as of february 13 , 2009?",795786.9,"divide(397097677, 499)",average,table_average,divide,divide,True,2,2,1.0,2,1.0,50,48,26,114,False,False,False,True,retrieval_or_bounded_context
PM/2017/page_99.pdf-3,"what was the change in weighted-average shares for diluted eps from 2016 to 2017 , in millions?",2,"subtract(1553, 1551)",average,table_average|difference,subtract,subtract,True,2,2,1.0,2,1.0,31,31,17,191,True,True,True,True,success
PNC/2011/page_78.pdf-2,"how much of an increase , in millions , to the pension expenses did the three changes in assumption cause?",43,"add(23, 18), add(#0, 2)",direct_lookup,difference,add,add,False,3,3,1.0,3,1.0,34,28,9,119,False,False,False,False,operation_schema
JPM/2009/page_133.pdf-1,"if there were a 200bp rise in rates , how much more would the impact be on earnings in 2009 vs . 2008?",1930,"subtract(336, -1594)",difference,,subtract,subtract,True,2,2,1.0,2,1.0,34,30,12,63,False,False,False,False,candidate_generation
LMT/2006/page_90.pdf-2,what was the percentage change in the rental expense under operating leases from 2004 to 2005,1.9%,"subtract(324, 318), divide(#0, 318)",percentage_change,difference|margin|ratio,subtract,subtract|divide,True,2,2,1.0,2,1.0,70,48,18,192,False,False,False,False,candidate_generation
AMT/2005/page_105.pdf-1,in 2005 what was the percentage of the federal nol set to expire between 2016 to 2020,18.4%,"divide(397691, 2157503)",direct_lookup,margin|ratio|sum|average|difference,divide,divide,True,2,2,1.0,2,1.0,44,43,28,192,True,True,True,True,success
DRE/2013/page_39.pdf-1,in 2012 what was the percent of the total second generation capital expenditures by reportable operating segment that was office related,47.1%,"divide(30092, 63884)",margin,sum|table_sum|ratio,divide,divide,True,2,2,1.0,2,1.0,66,48,29,192,True,True,True,True,success
AON/2011/page_134.pdf-1,what was the percent of the increase in the aons revenues for risk solutions from 2010 to 2011,6.1%,"subtract(6817, 6423), divide(#0, 6423)",difference,percentage_change|margin|ratio,subtract,subtract|divide,True,2,2,1.0,2,1.0,32,32,21,192,False,False,False,False,candidate_generation
DISCA/2012/page_39.pdf-2,what is the difference in millions of international subscribers between discovery channel and tlc real time and travel & living?,72,"subtract(246, 174)",difference,,subtract,subtract,True,2,2,1.0,2,1.0,41,38,26,132,False,False,False,False,candidate_generation
MAS/2018/page_35.pdf-2,what was the difference in operating profit margins as adjusted between 2017 and 2018?,-.6%,"subtract(15.1%, 15.7%)",difference,margin|ratio,subtract,subtract,True,2,2,1.0,2,1.0,50,46,27,192,True,True,True,True,success
MRO/2008/page_69.pdf-3,"during 2008 , what was the change in average realized price for synthetic crude oil and vacuum gas oil between the end of 2007 and the end of 2008 , per barrel?",66.93,"subtract(91.90, 24.97)",average,table_average|difference,subtract,subtract,True,2,2,1.0,2,1.0,58,48,23,192,True,True,True,True,success
MRO/2009/page_139.pdf-1,how much did net rental expense increase from 2007 to 2009?,6.2%,"subtract(257, 242), divide(#0, 242)",direct_lookup,difference|sum|average,subtract,subtract|divide,True,2,2,1.0,2,1.0,46,43,21,186,False,False,False,False,candidate_generation
SPGI/2015/page_57.pdf-1,what was the net equity in the assets acquired,2234,"subtract(2378, 144)",direct_lookup,,subtract,subtract,False,2,1,0.5,1,0.5,43,37,25,0,True,True,True,True,success
FBHS/2017/page_76.pdf-2,what was the percentage growth in the total long-term debt from 2016 to 2017,5.34%,"subtract(1507.6, 1431.1)",percentage_change,sum|table_sum|margin|ratio,subtract,subtract,True,2,2,1.0,2,1.0,41,41,21,192,True,True,True,True,success
UNP/2014/page_75.pdf-1,what was the percentage growth from 2013 to 2014 in the total accounts payable and other current liabilities,7.03%,"subtract(3303, 3086), divide(#0, 3086)",percentage_change,sum|table_sum|margin|ratio,subtract,subtract|divide,True,2,2,1.0,2,1.0,29,29,19,192,True,True,True,True,success
STT/2009/page_73.pdf-3,what is the percent change of securities between 2008 and 2009?,34%,"subtract(72699, 54163), divide(#0, 54163)",percentage_change,difference|margin|ratio,subtract,subtract|divide,True,2,2,1.0,2,1.0,32,31,21,192,False,False,False,False,candidate_generation
MRO/2017/page_111.pdf-4,by how much did proved undeveloped reserves increase during 2017?,-1.1%,"subtract(546, 552), divide(#0, 552)",direct_lookup,difference,subtract,subtract|divide,True,2,1,0.5,1,0.5,66,48,23,168,False,False,False,False,extraction_or_program_constant
RSG/2015/page_142.pdf-1,what was the ratio of the 2016 hedged gallons to 2017,2.25,"divide(27000000, 12000000)",ratio,,divide,divide,True,2,2,1.0,2,1.0,46,29,17,192,True,True,True,True,success
APD/2016/page_57.pdf-1,"considering the 2016's special terminations settlements and curtailments , what is the percentage of pension settlement losses concerning the total value?",87.67%,"divide(6.4, 7.3)",direct_lookup,sum|table_sum|margin|ratio,divide,divide,True,2,2,1.0,2,1.0,56,48,32,192,True,True,True,True,success
ABMD/2007/page_52.pdf-1,"what is the total possible purchase price for impella including potential contingent payments , in millions?",56.3,"add(11.2, 45.1)",sum,table_sum,add,add,True,2,2,1.0,2,1.0,42,37,22,124,False,False,False,True,retrieval_or_bounded_context
RSG/2016/page_144.pdf-2,what was the ratio of the aggregate fair values of our outstanding fuel hedges for 2015 and 2016,14,"divide(37.8, 2.7)",ratio,,divide,divide,True,2,2,1.0,2,1.0,32,29,12,192,True,True,True,True,success
GPN/2017/page_77.pdf-4,how much money can the company deduct on the income tax in the future after this acquisition?,$ 73576 thousand,"add(27954, 42721), add(2901, #0)",direct_lookup,,add,add,False,3,3,1.0,3,1.0,21,16,15,0,False,False,False,False,operation_schema
MRO/2014/page_58.pdf-1,what percentage of the board of directors approved budget was capital expenditures?,97.1,"divide(3.4, 3.5)",margin,ratio,divide,divide,True,2,2,1.0,2,1.0,54,48,31,191,True,True,True,True,success
CME/2017/page_97.pdf-1,how many class a common stocks issued and outstanding were issued between 2016 and 2017 in thousands?,995,"subtract(339235, 338240)",direct_lookup,sum|average|difference,subtract,subtract,True,2,2,1.0,2,1.0,32,31,15,191,True,True,True,True,success
SLB/2012/page_44.pdf-4,what was the growth rate of the cash flows from operations from 2011 to 2012,0.11475,"subtract(6.8, 6.1), divide(#0, 6.1)",percentage_change,,subtract,subtract|divide,True,2,2,1.0,2,1.0,121,48,29,192,True,True,True,False,success
APD/2013/page_36.pdf-2,"considering the year 2012 , what is the sales to operating income ratio?",9.41,"divide(420.1, 44.6)",ratio,,divide,divide,True,2,2,1.0,2,1.0,45,41,20,192,True,True,True,True,success
ZBH/2017/page_71.pdf-2,what was the change in defined contribution plans expenses for the u.s . between 2016 and 2017 in millions?,5.4,"subtract(47.9, 42.5)",difference,,subtract,subtract,True,2,2,1.0,2,1.0,73,48,13,192,True,True,True,True,success
RSG/2017/page_142.pdf-2,what was the percent change in the weighted average cost per share from 2016 to 2017,31.5%,"subtract(63.84, 48.56), divide(#0, 48.56)",percentage_change,average|table_average|difference|margin|ratio,subtract,subtract|divide,True,2,2,1.0,2,1.0,58,48,21,192,True,True,True,True,success
HOLX/2008/page_84.pdf-1,"what portion of the long-term debt is reported under the current liabilities section of balance sheet as of september 27 , 2008?",1.7%,"divide(38480, 2200900)",margin,ratio,divide,divide,True,2,2,1.0,2,1.0,68,48,35,192,False,False,False,False,candidate_generation
HIG/2011/page_188.pdf-3,what is the change in dac balance resulting from all amortization accounts in 2011?,-3427,"add(-2920, -507)",difference,,add,add,False,2,2,1.0,2,1.0,63,48,29,192,False,False,False,False,operation_schema
UA/2009/page_50.pdf-2,what was the percentage change in the the fair value of our foreign currency forward contracts from 2008 to 2009,-75%,"subtract(0.3, 1.2), divide(#0, 1.2)",percentage_change,difference|margin|ratio,subtract,subtract|divide,True,2,2,1.0,2,1.0,35,35,24,192,False,False,False,True,retrieval_or_bounded_context
ZBH/2003/page_58.pdf-2,what is the change in finished goods in millions between 2002 and 2003?,177.6,"subtract(384.3, 206.7)",difference,,subtract,subtract,True,2,2,1.0,2,1.0,82,48,29,115,True,True,True,True,success
HOLX/2012/page_113.pdf-2,"what is the expected yearly stock-based compensation expense over the remaining vesting period , ( in millions ) ?",6.6,"divide(23.2, 3.5)",direct_lookup,,divide,divide,False,2,2,1.0,2,1.0,57,40,25,0,False,False,False,False,operation_schema
GS/2016/page_77.pdf-2,"in millions for 2016 2015 , and 2014 , what are total equity securities?",10933,"table_sum(equity securities, none)",direct_lookup,sum|table_sum|average|difference,table_sum,table_sum,True,0,0,,0,,85,48,37,192,False,False,False,False,candidate_generation
JPM/2018/page_110.pdf-5,in 2018 what was the available for sale securities average compared to the period end,0.89,"divide(203449, 228681)",average,table_average,divide,divide,True,2,2,1.0,2,1.0,99,48,22,192,True,True,True,True,success
SNPS/2006/page_69.pdf-1,what percentage of the total purchase price is represented by intangible assets?,54%,"multiply(8.5, const_1000), divide(#0, 15704)",margin,sum|table_sum|ratio,multiply,multiply|divide,True,2,2,1.0,2,1.0,35,35,20,192,True,True,True,True,success
LKQ/2010/page_84.pdf-2,what was the percentage change in rental expense for operating leases from 2009 to 2010?,17%,"subtract(66.9, 57.2), divide(#0, 57.2)",percentage_change,difference|margin|ratio,subtract,subtract|divide,True,2,2,1.0,2,1.0,34,28,8,192,True,True,True,True,success
ETR/2008/page_249.pdf-1,what percentage of entergy's total employees are employed in entergy arkansas?,10.4%,"divide(1526, 14669)",margin,sum|table_sum|ratio,divide,divide,True,2,1,0.5,1,0.5,15,15,13,192,False,False,True,True,extraction_or_program_constant
STT/2008/page_83.pdf-1,what is the average variance of the value at risk of each 2008 section? ( $ ),3.85,"subtract(4.7, .3), subtract(const_4, .7), add(#0, #1), divide(#2, const_2)",average,table_average,subtract,subtract|add|divide,True,3,3,1.0,3,1.0,19,19,10,192,False,False,True,True,bounded_pruning
CB/2010/page_200.pdf-2,what is the growth rate of net income for bermuda subsidiaries from 2009 to 2010?,2.6%,"subtract(2430, 2369), divide(#0, 2369)",percentage_change,,subtract,subtract|divide,True,2,2,1.0,2,1.0,51,48,25,188,False,False,False,False,candidate_generation
AAPL/2014/page_38.pdf-1,in what year was the cash cash equivalents and marketable securities the highest?,2014,"table_max(cash cash equivalents and marketable securities, none)",table_max,,table_max,table_max,True,0,0,,0,,68,48,30,6,True,True,True,True,success
AAL/2013/page_15.pdf-4,what portion of the total full-time employees of american are pilots?,13.1%,"divide(7900, 60100)",margin,sum|table_sum|ratio,divide,divide,True,2,2,1.0,2,1.0,33,33,21,192,False,False,True,True,bounded_pruning
ETR/2011/page_341.pdf-1,what is the average price of the increased electricity usage per gwh?,18068.8,"multiply(18.9, const_1000000), divide(#0, 1046)",average,table_average|ratio,multiply,multiply|divide,True,2,2,1.0,2,1.0,27,19,12,192,True,True,True,True,success
AAPL/2014/page_38.pdf-2,what was the change in property plant and equipment net from 2013 to 2014 in millions?,4027,"subtract(20624, 16597)",difference,,subtract,subtract,True,2,2,1.0,2,1.0,68,48,46,192,False,False,False,False,candidate_generation
RE/2017/page_159.pdf-2,what is the percentage change in unaffiliated life insurance company from 2016 to 2017?,1.7%,"subtract(34444, 33860), divide(#0, 33860)",percentage_change,difference|margin|ratio,subtract,subtract|divide,True,2,2,1.0,2,1.0,38,25,15,192,True,True,True,True,success
LMT/2012/page_47.pdf-2,what was the ratio of the decreases in the net sales to the operating profit for mst from 2010 to 2011,4.57,"divide(311, 68)",ratio,,divide,divide,True,2,2,1.0,2,1.0,62,48,25,192,False,False,False,True,retrieval_or_bounded_context
BKR/2017/page_103.pdf-2,what is the risk free interest of the stock based compensation expense in 2017?,777000,"multiply(37, const_1000000), multiply(2.1%, #0)",direct_lookup,,multiply,multiply,False,2,2,1.0,2,1.0,25,25,18,0,False,False,False,False,operation_schema
LMT/2016/page_48.pdf-2,in 2016 based on the increase in the net sales what was the ratio of the increasing factor to the offsetting factors that reduced sales,40.7,"add(1.7, 290), add(#0, 250), divide(#1, 550)",ratio,difference,add,add|divide,True,4,4,1.0,3,0.75,82,48,21,192,False,False,False,False,retrieval
SYY/2019/page_9.pdf-1,what was the change in the percentage of sales to restaurants from 2017 to 2018?,1%,"subtract(62%, 61%)",percentage_change,difference|margin|ratio,subtract,subtract,True,2,2,1.0,2,1.0,31,29,9,84,True,True,True,True,success
FIS/2007/page_94.pdf-1,what percentage of total future minimum operating lease payments for leases with remaining terms greater than one year are due in 2009?,25%,"divide(63060, 249038)",table_min,sum|table_sum|margin|ratio,divide,divide,True,2,2,1.0,2,1.0,45,33,7,192,False,False,False,True,retrieval_or_bounded_context
AON/2009/page_46.pdf-1,"what is the average segment revenue , in millions?",6140,"table_average(segment revenue, none)",average,table_average,table_average,table_average,True,0,0,,0,,29,11,10,192,False,False,False,False,candidate_generation
TROW/2010/page_22.pdf-4,"what percentage of tangible book value at december 31 , 2010 is due to cash and cash equivalents and mutual fund investment holdings?",58%,"divide(1.5, 2.6)",margin,ratio,divide,divide,True,2,2,1.0,2,1.0,97,48,31,192,False,False,False,True,retrieval_or_bounded_context
ETR/2011/page_376.pdf-3,what is the average price per gwh for the variance in volume?,29542.3,"subtract(21.3, const_1000000), divide(#0, 721)",ratio,average|table_average,subtract,subtract|divide,True,2,2,1.0,2,1.0,32,24,16,192,True,True,True,True,success
VTR/2007/page_47.pdf-1,"prior to the shares repurchased in 2007 , how many shares of common stock were outstanding?",138326479,"add(138311810, 14669)",direct_lookup,,add,add,False,2,2,1.0,2,1.0,32,27,17,0,True,True,True,True,success
BLK/2016/page_119.pdf-2,what is the interest from 2017 to 2025 as a percentage of the total long-term borrowings?,1.64%,"multiply(9, 9), divide(#0, 4938)",margin,sum|table_sum|ratio,multiply,multiply|divide,True,2,2,1.0,1,0.5,129,48,34,192,False,False,False,False,retrieval
BLK/2016/page_119.pdf-1,what are the notes due 2021 as a percentage of total long-term borrowings?,15.2%,"divide(750, 4938)",margin,sum|table_sum|ratio,divide,divide,True,2,2,1.0,2,1.0,129,48,30,192,True,True,True,True,success
AMT/2004/page_81.pdf-2,what was the percent of the decrease in the other intangible assets net from 2003 to 2004\\n,-3.4%,"subtract(985303, 1019749), divide(#0, 1019749)",difference,percentage_change|margin|ratio,subtract,subtract|divide,True,2,2,1.0,2,1.0,59,48,29,192,False,False,False,False,candidate_generation
BLL/2007/page_35.pdf-2,"for q4 2007 , what was the total amount spent on share repurchases?",56864176,"multiply(1144772, 51.42)",sum,table_sum,multiply,multiply,False,2,2,1.0,2,1.0,52,48,27,52,False,False,False,False,operation_schema
TFX/2015/page_70.pdf-1,"what is the total value of the issued options , warrants and rights , ( in millions ) ?",125.5,"multiply(1442912, 86.98), divide(#0, const_1000000)",sum,table_sum,multiply,multiply|divide,False,2,2,1.0,2,1.0,55,43,12,18,False,False,False,False,operation_schema
ADI/2011/page_50.pdf-1,what is the percentage change in fair value of forward exchange contracts asset from 2010 to 2011?,-65.9%,"subtract(2472, 7256), divide(#0, 7256)",percentage_change,difference|margin|ratio,subtract,subtract|divide,True,2,2,1.0,2,1.0,64,48,18,192,True,True,True,True,success
LMT/2010/page_42.pdf-3,what is the net change in cash in 2010?,-135,"add(3547, -319), add(#0, -3363)",difference,,add,add,False,3,3,1.0,3,1.0,93,48,25,192,False,False,False,False,operation_schema
JPM/2007/page_147.pdf-1,in 2007 what was the percent of the retained interest of the total principal amount of beneficial interests,2.1%,"add(412, 20048)",direct_lookup,sum|table_sum|margin|ratio,add,add,True,2,2,1.0,2,1.0,43,42,10,191,True,True,True,True,success
IPG/2008/page_21.pdf-4,what is the cash outflow for the repurchase of shares during october 2008?,177927,"multiply(29704, 5.99)",direct_lookup,,multiply,multiply,False,2,2,1.0,2,1.0,23,23,12,0,False,False,False,False,operation_schema
GS/2016/page_77.pdf-3,operating expenses were what multiple of pre-tax earnings in 2015?,11.52,"divide(13.94, 1.21)",direct_lookup,,divide,divide,False,2,2,1.0,2,1.0,85,48,38,0,False,False,False,False,operation_schema
LMT/2006/page_90.pdf-1,"what percentage of future minimum lease commitments at december 31 , 2006 for all operating leases that have a remaining term of more than one year are due in 2007?",26%,"multiply(1.1, const_1000), divide(288, #0)",table_min,margin|ratio,multiply,multiply|divide,True,2,2,1.0,2,1.0,70,48,19,180,False,False,False,False,candidate_generation
MAS/2018/page_60.pdf-1,what are the total current assets of kichler included in the acquisition price with the revised version?,273,"add(const_2, 100), add(#0, 166), add(#1, 5)",sum,table_sum,add,add,True,3,3,1.0,3,1.0,36,34,11,184,True,True,True,True,success
MRO/2007/page_134.pdf-4,by how much did the expected annual dividends per share increase from 2005 to 2007?,45.5%,"subtract(0.96, 0.66), divide(#0, 0.66)",direct_lookup,difference|sum|average,subtract,subtract|divide,True,2,2,1.0,2,1.0,71,48,25,191,False,False,False,False,candidate_generation
PM/2017/page_99.pdf-4,"what was the change in weighted-average shares for diluted eps from 2015 to 2016 , in millions?",2,"subtract(1551, 1549)",average,table_average|difference,subtract,subtract,True,2,2,1.0,2,1.0,31,30,17,191,True,True,True,True,success
JPM/2008/page_85.pdf-5,in 2008 what was the percent of the total capital risk based capital components and assets that was tier 2 capital,26.32%,"divide(48616, 184720)",margin,sum|table_sum|ratio,divide,divide,True,2,2,1.0,2,1.0,32,31,13,192,True,True,True,True,success
TFX/2015/page_70.pdf-2,"what is the total value of the options , warrants and rights that remain available for future issuance , ( in millions ) ?",386.8,"multiply(4446967, 86.98), divide(#0, const_1000000)",sum,table_sum,multiply,multiply|divide,False,2,2,1.0,2,1.0,55,43,12,18,False,False,False,False,operation_schema
AWK/2013/page_132.pdf-1,based on the information provided what is the ratio of the post retirement benefit obligation to the service and interest one-point percentage increase,9.81,"divide(72238, 7367)",percentage_change,difference|margin|ratio,divide,divide,True,2,2,1.0,2,1.0,6,6,4,120,False,False,False,False,candidate_generation
HWM/2017/page_41.pdf-2,"considering the second quarter of 2017 , what is the average sale price per share of the company 2019s common stock?",25.20,"add(28.65, 21.76), divide(#0, const_2)",average,table_average,add,add|divide,True,2,2,1.0,2,1.0,63,48,32,191,True,True,True,False,success
IP/2007/page_75.pdf-2,"what percentage of december 31 , 2007 , total future minimum commitments under existing non-cancelable operating leases and purchase obligations were due to lease obligations for the year of 2008?",7%,"divide(136, 2089)",table_min,sum|table_sum|margin|ratio,divide,divide,True,2,2,1.0,2,1.0,103,48,16,192,False,False,False,True,retrieval_or_bounded_context
IP/2007/page_31.pdf-2,what percentage of industrial packaging sales where represented by european industrial packaging net sales in 2006?,20%,"multiply(const_1, const_1000), divide(#0, 4925)",margin,ratio,multiply,multiply|divide,True,1,1,1.0,1,1.0,88,48,28,192,True,True,True,True,success
AMAT/2014/page_18.pdf-1,what is the growth rate in sales from 2013 to 2014?,22.2%,"divide(1.4, 16), divide(1.3, 18), subtract(#0, #1), divide(#2, #1)",percentage_change,,divide,divide|subtract,True,4,4,1.0,4,1.0,45,45,29,101,False,False,False,True,retrieval_or_bounded_context
AMT/2010/page_34.pdf-1,"what is the growth rate in the price of shares from the highest value during the quarter ended december 31 , 2010 and the closing price on february 11 , 2011?",6.8%,"subtract(56.73, 53.14), divide(#0, 53.14)",table_max,,subtract,subtract|divide,False,2,2,1.0,2,1.0,36,36,8,18,False,False,False,False,operation_schema
JKHY/2014/page_30.pdf-1,what was the cumulative total return on the s & p 500 for the five year period?,136.98,"subtract(236.98, 100.00)",indexed_return,sum|table_sum|difference,subtract,subtract,True,2,2,1.0,2,1.0,36,36,25,192,False,False,False,True,retrieval_or_bounded_context
AAPL/2004/page_36.pdf-1,what was the greatest gross margin in millions for the three year period?,2259,"table_max(gross margin, none)",table_max,margin|ratio,table_max,table_max,True,0,0,,0,,63,48,26,192,True,True,True,True,success
PNC/2009/page_41.pdf-4,what percentage of total commercial mortgages were at fair value?,71.1%,"add(1301, 2148), add(1050, 1401), divide(#1, #0)",margin,sum|table_sum|ratio,add,add|divide,True,4,4,1.0,4,1.0,68,48,26,192,True,True,True,True,success
ETR/2002/page_86.pdf-4,what was the sum of the notes entergy issued to nypa with seven and eight annual payment installments,916,"multiply(108, const_7), multiply(20, const_8), add(#1, #0)",sum,table_sum,multiply,multiply|add,True,2,2,1.0,2,1.0,49,36,16,146,False,False,False,False,candidate_generation
PM/2015/page_85.pdf-4,what was the change in millions of trade receivables sold from 2014 to 2015?,768,"subtract(888, 120)",difference,,subtract,subtract,True,2,2,1.0,2,1.0,142,48,10,72,False,False,False,False,candidate_generation
DRE/2007/page_59.pdf-3,"what was the percent of the total purchase price for the purchase of a portfolio of five industrial buildings , in seattle , virginia and houston that was allocated to in-service real estate assets",73.7%,"multiply(66.1, 89.7)",margin,sum|table_sum|ratio,multiply,multiply,True,2,2,1.0,2,1.0,33,33,21,192,False,False,True,False,candidate_generation
AES/2001/page_44.pdf-4,contract generation revenues were what in millions in 2001?,2506,"divide(827, 33%)",direct_lookup,,divide,divide,False,2,2,1.0,2,1.0,93,48,28,0,False,False,False,False,operation_schema
AON/2010/page_115.pdf-4,what is the percentage increase in total stock-based compensation expense from 2009 to 2010?,5.7%,"subtract(221, 209), divide(#0, 209)",percentage_change,sum|table_sum|difference|margin|ratio,subtract,subtract|divide,True,2,2,1.0,2,1.0,50,48,26,192,False,False,False,False,candidate_generation
ETR/2017/page_26.pdf-1,what is the percent change in net revenue from 2015 to 2016?,8.04%,"subtract(1666, 1542), divide(#0, 1542)",percentage_change,difference|margin|ratio,subtract,subtract|divide,True,2,2,1.0,2,1.0,41,39,17,192,True,True,True,True,success
HII/2017/page_104.pdf-2,what is the percentage change in the unamortized debt issuance costs associated with its credit facilities from 2016 to 2017?,37.5%,"subtract(11, 8), divide(#0, 8)",percentage_change,difference|margin|ratio,subtract,subtract|divide,True,2,2,1.0,2,1.0,101,48,22,192,False,False,False,True,retrieval_or_bounded_context
ETR/2015/page_131.pdf-3,what is the percent change in annual long-term debt maturities from 2018 to 2019?,7.04%,"subtract(822690, 768588), divide(#0, 768588)",percentage_change,difference|margin|ratio,subtract,subtract|divide,True,2,2,1.0,2,1.0,44,37,19,192,True,True,True,True,success
UAA/2016/page_52.pdf-3,what percent of total operating income was emea in 2015?,1%,"divide(3122, 408547)",margin,sum|table_sum|ratio,divide,divide,True,2,2,1.0,2,1.0,66,48,35,192,False,False,False,False,candidate_generation
IPG/2008/page_21.pdf-2,what is the total cash outflow for the repurchase of shares in the last three months of 2008?,243574,"subtract(47022, 5.18)",sum,table_sum,subtract,subtract,False,2,2,1.0,2,1.0,23,23,9,97,False,False,False,False,operation_schema
VNO/2012/page_84.pdf-1,what was the total five year change in the nareit all equity index?,32,"subtract(132, 100)",sum,table_sum|difference,subtract,subtract,True,2,2,1.0,2,1.0,26,26,15,192,True,True,True,True,success
ETR/2011/page_376.pdf-4,what was the ratio of the net income to the revenues in 2010,0.44%,"divide(2.4, 540.2)",ratio,,divide,divide,True,2,2,1.0,2,1.0,32,32,15,192,False,False,False,False,candidate_generation
CMCSA/2015/page_64.pdf-3,what was the average investment income ( loss ) net 2013 to 2015,317.7,"add(81, 296), add(576, #0), add(#1, const_3), divide(#2, const_2)",average,table_average,add,add|divide,True,3,3,1.0,3,1.0,62,48,35,192,False,False,False,False,candidate_generation
IP/2007/page_31.pdf-3,what was the change in net sales in millions in 2007 in billions,0.3,"subtract(5.2, 4.9)",difference,,subtract,subtract,True,2,2,1.0,2,1.0,88,48,34,192,False,False,False,True,retrieval_or_bounded_context
UNP/2014/page_25.pdf-3,what was the percentage change in fuel surcharge program freight revenue from 2012 to 2013?,0%,"subtract(2.6, 2.6), divide(#0, 2.6)",percentage_change,difference|margin|ratio,subtract,subtract|divide,True,1,1,1.0,1,1.0,50,48,20,192,True,True,True,True,success
UNP/2006/page_37.pdf-3,what was the percentage change in cash capital investments in track from 2004 to 2005?,11%,"subtract(1472, 1328), divide(#0, 1328)",percentage_change,difference|margin|ratio,subtract,subtract|divide,True,2,2,1.0,2,1.0,68,48,25,192,False,False,False,False,candidate_generation
UNP/2014/page_35.pdf-3,what was the percentage change in cash provided by operating activities from 2012 to 2013?,11%,"subtract(6823, 6161), divide(#0, 6161)",percentage_change,difference|margin|ratio,subtract,subtract|divide,True,2,2,1.0,2,1.0,46,44,16,192,False,False,False,False,candidate_generation
ABMD/2009/page_56.pdf-2,what portion of contractual obligations is expected to be paid within 12 months?,48.8%,"divide(4619, 9457)",margin,ratio,divide,divide,True,2,2,1.0,2,1.0,86,48,23,170,True,True,True,False,success
CAT/2017/page_85.pdf-3,what portion of the maximum exposure to loss from vies is related to guarantees in 2018?,29.3%,"divide(210, 716)",table_max,margin|ratio,divide,divide,True,2,2,1.0,2,1.0,35,31,21,192,False,False,True,True,bounded_pruning
AAP/2012/page_12.pdf-3,what was the average annual creation of new stores for aap from 2008 to 2012?,101 stores created per year,"add(116, 109), divide(#0, const_2)",average,table_average,add,add|divide,True,2,2,1.0,2,1.0,29,25,17,192,True,True,True,True,success
UNP/2014/page_75.pdf-2,what was the percentage change in total expense for repairs and maintenance from 2013 to 2014?,4%,"subtract(2.4, 2.3), divide(#0, 2.3)",percentage_change,sum|table_sum|difference|margin|ratio,subtract,subtract|divide,True,2,2,1.0,2,1.0,29,29,16,192,True,True,True,True,success
UNP/2015/page_24.pdf-2,what was the percentage change in free cash flow from 2013 to 2014?,-27%,"subtract(1504, 2085), divide(#0, 2085)",percentage_change,difference|margin|ratio,subtract,subtract|divide,True,2,2,1.0,2,1.0,28,26,16,192,False,False,False,False,candidate_generation
BDX/2018/page_82.pdf-3,"what is the average cost of interest , in millions , for 2016-2018?",74.33,"add(90, 61), add(#0, 72), divide(#1, const_3)",average,table_average,add,add|divide,True,3,3,1.0,3,1.0,38,37,29,190,False,False,False,False,candidate_generation
IP/2012/page_93.pdf-3,"at december 31 , 2012 , what was the percent of the total future minimum commitments under existing non-cancelable operating leases that was due in 2014",14.11%,"divide(136, 964)",table_min,sum|table_sum|margin|ratio,divide,divide,True,2,2,1.0,2,1.0,43,39,11,192,True,True,True,True,success
BDX/2018/page_82.pdf-4,"what is the total net pension cost from 2016-2018 , in millions?",388,"add(137, 138), add(#0, 113)",sum,table_sum,add,add,True,3,3,1.0,3,1.0,38,38,29,18,False,False,False,False,candidate_generation
PPG/2011/page_70.pdf-3,what was royalty income as a percentage of total other income in 2009?,30%,"divide(45, 150)",margin,sum|table_sum|ratio,divide,divide,True,2,2,1.0,2,1.0,114,48,21,192,True,True,True,True,success
ABMD/2006/page_75.pdf-3,what percentage of total future minimum lease payments are due in 2008?,28%,"divide(1371, 4819)",table_min,sum|table_sum|margin|ratio,divide,divide,True,2,2,1.0,2,1.0,37,30,12,192,False,False,False,False,candidate_generation
UNP/2011/page_76.pdf-3,"what percentage of total accounts payable and other current liabilities was accrued casualty costs at december 31 , 2010?",12%,"divide(325, 2713)",margin,sum|table_sum|ratio,divide,divide,True,2,2,1.0,2,1.0,37,35,22,192,True,True,True,True,success
ABMD/2009/page_88.pdf-3,what is the total contingent payments to impella 2019s former shareholders if all targets are achieved?,16750000,"add(5583333, 5583333), add(#0, 5583334)",sum,table_sum,add,add,True,2,2,1.0,2,1.0,53,39,17,157,False,False,False,True,retrieval_or_bounded_context
IP/2012/page_93.pdf-4,what was the average rent expense from 2010 to 2012 \\n,215.33,"add(231, 205), add(210, #0), add(#1, const_3), divide(#2, const_2)",average,table_average,add,add|divide,True,3,3,1.0,3,1.0,43,40,25,192,True,True,True,True,success
ABMD/2009/page_56.pdf-3,what portion of operating lease commitments is expected to be paid within 12 months?,21.6%,"divide(2313, 10690)",margin,ratio,divide,divide,True,2,2,1.0,2,1.0,86,48,27,192,True,True,True,True,success
UNP/2007/page_65.pdf-2,what percentage of total debt is due in 2011?,7%,"divide(550, 7680)",margin,sum|table_sum|ratio,divide,divide,True,2,2,1.0,2,1.0,53,37,13,192,False,False,False,False,candidate_generation
BKR/2017/page_103.pdf-3,what portion of the compensation expense in 2017 is relates to the acceleration of equity awards upon termination of employment at baker hughes?,40.5%,"divide(15, 37)",margin,ratio,divide,divide,True,2,2,1.0,2,1.0,25,25,17,192,True,True,True,True,success
PPG/2011/page_70.pdf-4,what was royalty income as a percentage of total other income in 2011?,31%,"divide(55, 177)",margin,sum|table_sum|ratio,divide,divide,True,2,2,1.0,2,1.0,114,48,25,192,True,True,True,True,success
CAT/2017/page_85.pdf-4,what portion of the maximum exposure to loss from vies is related to guarantees in 2017?,62.9%,"divide(259, 412)",table_max,margin|ratio,divide,divide,True,2,2,1.0,2,1.0,35,32,21,192,False,False,True,False,candidate_generation
IP/2009/page_37.pdf-3,"considering the years 2008 and 2009 , what is the variation observed in the operating profit , in millions?",416,"subtract(433, 17)",direct_lookup,sum|average|difference,subtract,subtract,True,2,2,1.0,2,1.0,91,48,32,188,True,True,True,True,success
UNP/2013/page_54.pdf-3,what percentage of total freight revenues was automotive in 2013?,9%,"divide(2077, 21963)",margin,sum|table_sum|ratio,divide,divide,True,2,2,1.0,2,1.0,49,48,35,192,False,False,False,False,candidate_generation
IP/2005/page_19.pdf-3,what was the average industry segment operating profits from 2003 to 2005,1899,"add(1923, 2040), add(1734, #0), add(#1, const_3), divide(#2, const_2)",average,table_average,add,add|divide,True,3,3,1.0,3,1.0,51,48,34,192,True,True,True,True,success
UNP/2008/page_79.pdf-2,what was the difference in billions of sold receivables from 2007 to 2008?,1.7,"subtract(17.8, 16.1)",difference,,subtract,subtract,True,2,2,1.0,2,1.0,66,48,23,80,False,False,False,False,candidate_generation
BLK/2012/page_160.pdf-3,"what portion of tax benefit would affect the effective tax rate if recognized as of december 31 , 2011?",64.8%,"divide(226, 349)",margin,ratio,divide,divide,True,2,2,1.0,2,1.0,101,48,22,192,False,False,False,True,retrieval_or_bounded_context
IP/2007/page_75.pdf-3,"at december 31 , 2007 , what was the percent of the total future minimum commitments under existing non-cancelable operat- ing leases for purchase obligations",72.1%,"divide(261, 362)",table_min,sum|table_sum|margin|ratio,divide,divide,True,2,2,1.0,2,1.0,103,48,23,192,False,False,True,True,bounded_pruning
UNP/2008/page_77.pdf-2,what was the percentage change in equipment rents payable from 2007 to 2008?,-10%,"subtract(93, 103), divide(#0, 103)",percentage_change,difference|margin|ratio,subtract,subtract|divide,True,2,2,1.0,2,1.0,34,34,25,192,True,True,True,True,success
ANSS/2013/page_55.pdf-2,what percentage of total contractual obligations come from after five years?,41.6%,"divide(60129, 144535)",margin,sum|table_sum|ratio,divide,divide,True,2,2,1.0,2,1.0,74,48,38,192,True,True,True,True,success
UNP/2014/page_75.pdf-3,what was the percentage change in total expense for repairs and maintenance from 2012 to 2013?,10%,"subtract(2.3, 2.1), divide(#0, 2.1)",percentage_change,sum|table_sum|difference|margin|ratio,subtract,subtract|divide,True,2,2,1.0,2,1.0,29,29,21,192,False,False,False,False,candidate_generation
BLK/2017/page_122.pdf-1,"what is the growth rate in based rent for hudson yards , new york facility in the second period?",13.7%,"subtract(58, 51), divide(#0, 51)",percentage_change,,subtract,subtract|divide,True,2,2,1.0,2,1.0,100,48,29,192,False,False,False,True,retrieval_or_bounded_context
UNP/2015/page_35.pdf-2,what was the percentage change in cash provided by operating activities from 2014 to 2015?,-1%,"subtract(7344, 7385), divide(#0, 7385)",percentage_change,difference|margin|ratio,subtract,subtract|divide,True,2,2,1.0,2,1.0,58,48,20,192,False,False,False,False,candidate_generation
UNP/2014/page_25.pdf-4,what was the percentage change in fuel surcharge program freight revenue from 2013 to 2014?,8%,"subtract(2.8, 2.6), divide(#0, 2.6)",percentage_change,difference|margin|ratio,subtract,subtract|divide,True,2,2,1.0,2,1.0,50,48,17,192,False,False,False,False,candidate_generation
IP/2009/page_37.pdf-4,what is the average value for sales?,3090,"table_average(sales, none)",average,table_average,table_average,table_average,True,0,0,,0,,91,48,39,192,True,True,True,True,success
ANSS/2013/page_55.pdf-3,what percentage of total contractual obligations comes from global headquarters operating leases?,47.32%,"divide(68389, 144535)",margin,sum|table_sum|ratio,divide,divide,True,2,2,1.0,2,1.0,74,48,36,192,True,True,True,True,success
ABMD/2009/page_88.pdf-4,what portion of the last payment for the final milestone was paid through the issuance of common stock?,67.7%,"divide(5583334, const_1000000), subtract(#0, 1.8), divide(#1, #0)",margin,ratio,divide,divide|subtract,True,2,2,1.0,2,1.0,53,48,18,192,False,False,False,True,retrieval_or_bounded_context
ABMD/2007/page_52.pdf-3,"what portion of total future obligations is related to operating lease obligations as of march 31 , 2007?",54.4%,"divide(7669, 14090)",margin,sum|table_sum|ratio,divide,divide,True,2,2,1.0,2,1.0,42,41,22,192,True,True,True,True,success
UNP/2015/page_24.pdf-3,what was the percentage change in free cash flow from 2014 to 2015?,-65%,"subtract(524, 1504), divide(#0, 1504)",percentage_change,difference|margin|ratio,subtract,subtract|divide,True,2,2,1.0,2,1.0,28,20,16,192,True,True,True,True,success
BLK/2014/page_119.pdf-3,what portion of total long-term borrowings is due in the next 24 months?,15.2%,"divide(750, 4950)",margin,sum|table_sum|ratio,divide,divide,True,2,2,1.0,2,1.0,140,48,28,192,False,False,True,False,candidate_generation
LKQ/2010/page_84.pdf-3,in 2010 what was the sum of the future minimum lease commitments due in 2014,12.1%,"divide(37660, 310643)",table_min,sum|table_sum,divide,divide,False,2,2,1.0,2,1.0,34,27,2,81,False,False,False,False,operation_schema
UNP/2011/page_21.pdf-3,what percentage of total number of shares purchased were purchased in october ?,10%,"divide(379488, 3915795)",margin,sum|table_sum|ratio,divide,divide,True,2,2,1.0,2,1.0,37,37,22,192,False,False,False,False,candidate_generation
MO/2012/page_44.pdf-3,what is the growth rate in total shipment volume from 2011 to 2012?,3.9%,"subtract(763.3, 734.6), divide(#0, 734.6)",percentage_change,sum|table_sum,subtract,subtract|divide,True,2,2,1.0,2,1.0,111,48,25,192,False,False,False,False,candidate_generation
LKQ/2018/page_83.pdf-2,what was the change in the warranty reserve in 2017 in thousands,3517,"subtract(23151, 19634)",difference,,subtract,subtract,True,2,1,0.5,1,0.5,38,32,23,192,False,False,False,False,extraction_or_program_constant
BLK/2012/page_37.pdf-3,what portion of the fixed income is related to americas?,87.9%,"divide(121640, 138425)",margin,ratio,divide,divide,True,2,2,1.0,2,1.0,77,48,33,192,True,True,True,True,success
BLK/2013/page_124.pdf-3,"what is the annual interest expense related to '2022 notes' , in millions?",25.3,"multiply(750, 3.375%)",direct_lookup,,multiply,multiply,False,2,2,1.0,2,1.0,154,48,26,0,False,False,False,False,operation_schema
LKQ/2010/page_84.pdf-4,what was the cumulative lease payments to the employee who became an officer of the company following his business acquisition from 2008 to 2010,2.8,"add(0.9, 0.9), add(#0, 1.0)",direct_lookup,sum|average|difference,add,add,True,2,2,1.0,2,1.0,34,30,10,189,True,True,True,True,success
APTV/2014/page_49.pdf-1,what is the lowest return for the first month of the investment?,-10.73%,"subtract(89.27, const_100)",table_min,,subtract,subtract,False,1,1,1.0,1,1.0,53,44,19,8,False,False,False,False,operation_schema
IP/2005/page_35.pdf-3,"what was the percent f the purchase obligations in 2006 set aside for the contract for the purchase of pulpwood , logs and wood chips",73.5%,"divide(2.4, 3264)",direct_lookup,margin|ratio,divide,divide,True,2,2,1.0,2,1.0,58,47,35,192,True,True,True,True,success
BLK/2014/page_119.pdf-4,what portion of total long-term borrowings is due in the next 36 months?,29.3%,"add(750, 700), divide(#0, 4950)",margin,sum|table_sum|ratio,add,add|divide,True,3,3,1.0,3,1.0,140,48,28,192,False,False,False,True,retrieval_or_bounded_context
UNP/2013/page_44.pdf-2,what was the net change in the number of environmental sites from 2011 to 2012?,-1,"subtract(284, 285)",difference,,subtract,subtract,True,2,2,1.0,2,1.0,22,20,14,90,True,True,True,True,success
UNP/2014/page_35.pdf-4,what was the percentage change in cash provided by operating activities from 2013 to 2014?,8%,"subtract(7385, 6823), divide(#0, 6823)",percentage_change,difference|margin|ratio,subtract,subtract|divide,True,2,2,1.0,2,1.0,46,46,16,192,False,False,False,False,candidate_generation
UNP/2011/page_21.pdf-4,what percentage of total number of shares purchased were purchased in december?,46%,"divide(1787343, 3915795)",margin,sum|table_sum|ratio,divide,divide,True,2,2,1.0,2,1.0,37,37,22,192,False,False,True,True,bounded_pruning
BLK/2016/page_119.pdf-3,what are the pre tax gains recognized in other comprehensive income in 2015?,29,"add(19, 11)",direct_lookup,,add,add,False,2,2,1.0,2,1.0,129,48,28,0,False,False,False,False,operation_schema
SNPS/2006/page_69.pdf-3,"what is the variation observed between the tangible and intangible assets , in millions?",5.5,"subtract(14.0, 8.5)",direct_lookup,,subtract,subtract,False,2,2,1.0,2,1.0,35,32,25,0,False,False,False,False,operation_schema
UNP/2008/page_77.pdf-3,what was the percentage change in accrued wages and vacation from 2007 to 2008?,-7%,"subtract(367, 394), divide(#0, 394)",percentage_change,difference|margin|ratio,subtract,subtract|divide,True,2,2,1.0,2,1.0,34,34,25,192,False,False,False,False,candidate_generation
AAP/2011/page_28.pdf-3,"compared to the lowest stock price , how much did advanced auto parts outperform the overall market?",71.8%,"subtract(88.67, 65.70), divide(#0, 65.70), subtract(201.18, 97.26), divide(#2, 97.26), subtract(#3, #1)",table_min,,subtract,subtract|divide,False,4,4,1.0,4,1.0,69,48,14,8,False,False,False,False,operation_schema
BLK/2016/page_119.pdf-4,what are the pre tax gains recognized in other comprehensive income in 2016?,22,"add(14, 8)",direct_lookup,,add,add,False,2,2,1.0,2,1.0,129,48,25,0,False,False,False,False,operation_schema
MO/2012/page_44.pdf-4,what is the growth rate in total shipment volume from 2010 to 2011?,1.4%,"subtract(734.6, 724.4), divide(#0, 724.4)",percentage_change,sum|table_sum,subtract,subtract|divide,True,2,2,1.0,2,1.0,111,48,24,192,False,False,False,True,retrieval_or_bounded_context
IP/2006/page_32.pdf-3,what was the percentage reduction in net sales for shorewood in 2006 from 2005 s,-3%,"subtract(670, 691), divide(#0, 691)",percentage_change,margin|ratio,subtract,subtract|divide,True,2,2,1.0,2,1.0,79,48,28,192,False,False,False,False,candidate_generation
LKQ/2018/page_83.pdf-3,what was the percent of the total self-insurance reserves that was classified as current in 2018,49.5%,"divide(52, 105)",margin,sum|table_sum|ratio,divide,divide,True,2,2,1.0,2,1.0,38,36,18,192,True,True,True,True,success
PPG/2013/page_40.pdf-3,what was the percentage change in research and development net from 2012 to 2013?,8%,"subtract(488, 453), divide(#0, 453)",percentage_change,difference|margin|ratio,subtract,subtract|divide,True,2,2,1.0,2,1.0,32,28,18,192,False,False,False,False,candidate_generation
IP/2007/page_75.pdf-4,what was the percent of the benefit related to the effective settlement of tax audits recorded as part of the company recorded an income tax provision for 2007,9.9%,"divide(41, 415)",direct_lookup,margin|ratio,divide,divide,True,2,2,1.0,2,1.0,103,48,30,192,True,True,True,True,success
BLK/2012/page_37.pdf-4,what portion of the long-term assets is related to americas?,73.9%,"divide(298024, 403484)",margin,ratio,divide,divide,True,2,2,1.0,2,1.0,77,48,33,192,True,True,True,True,success
PPG/2013/page_40.pdf-4,what was the percentage change in research and development net from 2011 to 2012?,6%,"subtract(453, 428), divide(#0, 428)",percentage_change,difference|margin|ratio,subtract,subtract|divide,True,2,2,1.0,2,1.0,32,27,17,192,False,False,False,False,candidate_generation
BLK/2013/page_125.pdf-3,what is the growth rate in rent expense and certain office equipment expense in 2013 compare to 2012?,3.0%,"subtract(137, 133), divide(#0, 133)",percentage_change,,subtract,subtract|divide,True,2,2,1.0,2,1.0,40,34,20,192,True,True,True,True,success
ABMD/2004/page_26.pdf-3,what percentage of total future minimum lease payments are due after 2009?,15%,"divide(708, 4578)",table_min,sum|table_sum|margin|ratio,divide,divide,True,2,2,1.0,2,1.0,56,45,16,192,False,False,False,False,candidate_generation
IP/2005/page_35.pdf-4,what was the percent of the total contractual obligations for future payments for total debt in 2005,25.6%,"divide(1181, 4617)",margin,sum|table_sum|ratio,divide,divide,True,2,2,1.0,2,1.0,58,47,36,192,False,False,True,True,bounded_pruning
IP/2006/page_32.pdf-4,what was the consumer packaging profit margin in 2006,5.3%,"divide(131, 2455)",margin,ratio,divide,divide,True,2,2,1.0,2,1.0,79,48,19,192,False,False,False,False,candidate_generation
UNP/2015/page_35.pdf-3,what was the percentage change in cash provided by operating activities from 2013 to 2014?,8%,"subtract(7385, 6823), divide(#0, 6823)",percentage_change,difference|margin|ratio,subtract,subtract|divide,True,2,2,1.0,2,1.0,58,48,18,192,False,False,False,False,candidate_generation
VLO/2018/page_25.pdf-3,what is the total price paid for the total number of shares purchased?,627442961,"multiply(7673266, 81.77)",sum,table_sum,multiply,multiply,False,2,2,1.0,2,1.0,45,34,22,120,False,False,False,False,operation_schema
UNP/2011/page_76.pdf-4,"what percentage of total accounts payable and other current liabilities was accrued casualty costs at december 31 , 2011?",8%,"divide(249, 3108)",margin,sum|table_sum|ratio,divide,divide,True,2,2,1.0,2,1.0,37,35,22,192,True,True,True,True,success
BLK/2013/page_125.pdf-4,what is the growth rate in rent expense and certain office equipment expense in 2012 compare to 2011?,-13.6%,"subtract(133, 154), divide(#0, 154)",percentage_change,,subtract,subtract|divide,True,2,2,1.0,2,1.0,40,30,20,192,True,True,True,True,success
BLK/2013/page_124.pdf-4,"what is the annual interest expense related to '2015 notes' , in millions?",10.3,"multiply(750, 1.375%)",direct_lookup,,multiply,multiply,False,2,2,1.0,2,1.0,154,48,25,0,False,False,False,False,operation_schema
ABMD/2004/page_26.pdf-4,what percentage of total future minimum lease payments are due in 2007?,17%,"divide(769, 4578)",table_min,sum|table_sum|margin|ratio,divide,divide,True,2,2,1.0,2,1.0,56,45,16,192,True,True,True,False,success
UNP/2008/page_79.pdf-3,what was the percentage difference in sold receivables from 2007 to 2008?,11%,"subtract(17.8, 16.1), divide(#0, 16.1)",difference,percentage_change|margin|ratio,subtract,subtract|divide,True,2,2,1.0,2,1.0,66,48,20,192,True,True,True,True,success
UNP/2013/page_54.pdf-4,what percentage of total freight revenues was automotive in 2011?,8%,"divide(1510, 19557)",margin,sum|table_sum|ratio,divide,divide,True,2,2,1.0,2,1.0,49,44,36,192,False,False,False,False,candidate_generation
UNP/2013/page_44.pdf-3,what was the net change in the number of environmental sites from 2012 to 2013?,-16,"subtract(268, 284)",difference,,subtract,subtract,True,2,2,1.0,2,1.0,22,22,14,89,True,True,True,True,success
IP/2007/page_31.pdf-4,in 2005 what was industrial packaging the profit margin,4.74%,"divide(219, 4625)",margin,ratio,divide,divide,True,2,2,1.0,2,1.0,88,48,23,192,True,True,True,True,success
BLK/2017/page_122.pdf-3,"what is the growth rate in based rent for hudson yards , new york facility in the third period?",13.8%,"subtract(66, 58), divide(#0, 58)",percentage_change,,subtract,subtract|divide,True,2,2,1.0,2,1.0,100,48,29,192,False,False,False,True,retrieval_or_bounded_context
LKQ/2016/page_26.pdf-3,"based on the review of the comparison of cumulative return among lkq corporation , the nasdaq stock market ( u.s . ) index and the peer group what was the ratio of the lkq performance to the peer group in 2013",1.6,"divide(219, 140)",indexed_return,difference,divide,divide,False,2,2,1.0,2,1.0,27,26,18,165,False,False,False,False,operation_schema
UNP/2006/page_37.pdf-4,what was the percentage change in cash capital investments in track from 2005 to 2006?,1%,"subtract(1487, 1472), divide(#0, 1472)",percentage_change,difference|margin|ratio,subtract,subtract|divide,True,2,2,1.0,2,1.0,68,48,19,192,True,True,True,True,success
BLK/2012/page_160.pdf-4,"what portion of tax benefit would affect the effective tax rate if recognized as of december 31 , 2012?",61.9%,"divide(250, 404)",margin,ratio,divide,divide,True,2,2,1.0,1,0.5,101,48,22,192,False,False,False,False,retrieval
BKR/2017/page_103.pdf-4,"what is the total value of rsus converted to bhge rsus , in millions?",68.3,"multiply(1.7, 40.18)",sum,table_sum,multiply,multiply,False,2,2,1.0,2,1.0,25,22,12,35,False,False,False,False,operation_schema
SNPS/2006/page_69.pdf-4,what is the percentage of tax and accounting fees among the total acquisition-related costs?,57.14%,"divide(1.6, 2.8)",direct_lookup,sum|table_sum|margin|ratio,divide,divide,True,2,2,1.0,2,1.0,35,35,16,188,True,True,True,True,success
VRTX/2003/page_71.pdf-3,what was the percentage change in the common stock and option,1.7%,"subtract(22203, 21829), divide(#0, 21829)",percentage_change,difference|margin|ratio,subtract,subtract|divide,True,2,1,0.5,1,0.5,20,20,10,192,False,False,False,False,extraction_or_program_constant
APTV/2014/page_49.pdf-3,what is the difference between the highest and lowest return for the first year of the investment?,68.92%,"subtract(179.33, 110.41)",difference,table_max|table_min|average|table_average,subtract,subtract,True,2,2,1.0,2,1.0,53,44,13,192,False,False,False,False,candidate_generation
ABMD/2007/page_52.pdf-4,"what portion of total future obligations is related to purchase obligations as of march 31 , 2007?",45.6%,"divide(6421, 14090)",margin,sum|table_sum|ratio,divide,divide,True,2,2,1.0,2,1.0,42,41,21,192,True,True,True,True,success
ABMD/2006/page_75.pdf-4,what percentage of total future minimum lease payments are due in 2009?,21%,"divide(1035, 4819)",table_min,sum|table_sum|margin|ratio,divide,divide,True,2,2,1.0,2,1.0,37,30,12,192,False,False,False,False,candidate_generation
ADI/2011/page_81.pdf-3,what was the percentage increase of total deferred compensation plan investments from 2010 to 2011?\\n,204%,"subtract(26410, 8690), divide(#0, 8690)",percentage_change,sum|table_sum|difference|margin|ratio,subtract,subtract|divide,True,2,2,1.0,2,1.0,36,35,19,192,True,True,True,True,success
ADI/2011/page_50.pdf-3,"what would the amount accrued because of interest on the term loan facility after october 29 , 2011?",$ 2.33 million,"multiply(145, 1.61%)",direct_lookup,,multiply,multiply,False,2,2,1.0,2,1.0,64,48,22,0,False,False,False,False,operation_schema
UNP/2007/page_65.pdf-3,what percentage of total debt is due after 2012?,61%,"divide(4717, 7680)",margin,sum|table_sum|ratio,divide,divide,True,2,2,1.0,2,1.0,53,41,12,192,False,False,False,False,candidate_generation
